mean_fit_time	std_fit_time	mean_score_time	std_score_time	param_step_size	param_prop_sparsity	param_phi_lstsq	param_phi_cosamp	param_num_samples_constant	param_norm	param_max_cosamp_iter	param_lamb	param_function_budget	param_delta	param_cosamp_tol	param_compessible_constant	params	split0_test_score	mean_test_score	std_test_score	rank_test_score
6.57732892036438	0.0	3.4809112548828125e-05	0.0	10.0	0.05	0.25	0.8	100	2	15	0.1	10000.0	0.0001	0.5	2	{'step_size': 10.0, 'prop_sparsity': 0.05, 'phi_lstsq': 0.25, 'phi_cosamp': 0.8, 'num_samples_constant': 100, 'norm': 2, 'max_cosamp_iter': 15, 'lamb': 0.1, 'function_budget': 10000.0, 'delta': 0.0001, 'cosamp_tol': 0.5, 'compessible_constant': 2}	1.7396683675700193	1.7396683675700193	0.0	94
8.109637975692749	0.0	4.172325134277344e-05	0.0	10.0	0.05	0.25	0.8	100	2	25	0.1	10000.0	1e-05	0.5	2	{'step_size': 10.0, 'prop_sparsity': 0.05, 'phi_lstsq': 0.25, 'phi_cosamp': 0.8, 'num_samples_constant': 100, 'norm': 2, 'max_cosamp_iter': 25, 'lamb': 0.1, 'function_budget': 10000.0, 'delta': 1e-05, 'cosamp_tol': 0.5, 'compessible_constant': 2}	1.7397209782894754	1.7397209782894754	0.0	93
5.4009315967559814	0.0	2.384185791015625e-05	0.0	10.0	0.05	0.2	0.4	100	2	20	0.1	10000.0	0.001	0.5	2	{'step_size': 10.0, 'prop_sparsity': 0.05, 'phi_lstsq': 0.2, 'phi_cosamp': 0.4, 'num_samples_constant': 100, 'norm': 2, 'max_cosamp_iter': 20, 'lamb': 0.1, 'function_budget': 10000.0, 'delta': 0.001, 'cosamp_tol': 0.5, 'compessible_constant': 2}	1.7397931225125063	1.7397931225125063	0.0	92
6.727409362792969	0.0	3.314018249511719e-05	0.0	10.0	0.05	0.1	0.2	100	2	25	0.1	10000.0	0.0001	0.5	2	{'step_size': 10.0, 'prop_sparsity': 0.05, 'phi_lstsq': 0.1, 'phi_cosamp': 0.2, 'num_samples_constant': 100, 'norm': 2, 'max_cosamp_iter': 25, 'lamb': 0.1, 'function_budget': 10000.0, 'delta': 0.0001, 'cosamp_tol': 0.5, 'compessible_constant': 2}	1.7399352270107475	1.7399352270107475	0.0	91
9.174559831619263	0.0	2.9325485229492188e-05	0.0	10.0	0.05	0.1	0.8	100	2	20	0.1	10000.0	0.001	0.5	1.1	{'step_size': 10.0, 'prop_sparsity': 0.05, 'phi_lstsq': 0.1, 'phi_cosamp': 0.8, 'num_samples_constant': 100, 'norm': 2, 'max_cosamp_iter': 20, 'lamb': 0.1, 'function_budget': 10000.0, 'delta': 0.001, 'cosamp_tol': 0.5, 'compessible_constant': 1.1}	1.7426471466304623	1.7426471466304623	0.0	90
7.6852312088012695	0.0	3.600120544433594e-05	0.0	10.0	0.1	0.15	0.8	100	2	25	0.1	10000.0	1e-05	0.5	1.5	{'step_size': 10.0, 'prop_sparsity': 0.1, 'phi_lstsq': 0.15, 'phi_cosamp': 0.8, 'num_samples_constant': 100, 'norm': 2, 'max_cosamp_iter': 25, 'lamb': 0.1, 'function_budget': 10000.0, 'delta': 1e-05, 'cosamp_tol': 0.5, 'compessible_constant': 1.5}	1.7468795187189423	1.7468795187189423	0.0	89
8.659843444824219	0.0	8.344650268554688e-05	0.0	10.0	0.15	0.15	0.6	100	2	10	0.1	10000.0	0.0001	0.5	2	{'step_size': 10.0, 'prop_sparsity': 0.15, 'phi_lstsq': 0.15, 'phi_cosamp': 0.6, 'num_samples_constant': 100, 'norm': 2, 'max_cosamp_iter': 10, 'lamb': 0.1, 'function_budget': 10000.0, 'delta': 0.0001, 'cosamp_tol': 0.5, 'compessible_constant': 2}	1.7796157999313689	1.7796157999313689	0.0	88
11.801267623901367	0.0	3.409385681152344e-05	0.0	1.0	0.05	0.25	0.6	100	2	10	0.1	10000.0	1e-05	0.5	1.1	{'step_size': 1.0, 'prop_sparsity': 0.05, 'phi_lstsq': 0.25, 'phi_cosamp': 0.6, 'num_samples_constant': 100, 'norm': 2, 'max_cosamp_iter': 10, 'lamb': 0.1, 'function_budget': 10000.0, 'delta': 1e-05, 'cosamp_tol': 0.5, 'compessible_constant': 1.1}	1.7867608439224452	1.7867608439224452	0.0	87
8.050481796264648	0.0	3.2901763916015625e-05	0.0	1.0	0.05	0.2	0.4	100	2	5	0.1	10000.0	0.0001	0.5	1.25	{'step_size': 1.0, 'prop_sparsity': 0.05, 'phi_lstsq': 0.2, 'phi_cosamp': 0.4, 'num_samples_constant': 100, 'norm': 2, 'max_cosamp_iter': 5, 'lamb': 0.1, 'function_budget': 10000.0, 'delta': 0.0001, 'cosamp_tol': 0.5, 'compessible_constant': 1.25}	1.813985202594511	1.813985202594511	0.0	86
6.7750444412231445	0.0	2.4080276489257812e-05	0.0	1.0	0.05	0.25	0.2	100	2	15	0.1	10000.0	1e-05	0.5	2	{'step_size': 1.0, 'prop_sparsity': 0.05, 'phi_lstsq': 0.25, 'phi_cosamp': 0.2, 'num_samples_constant': 100, 'norm': 2, 'max_cosamp_iter': 15, 'lamb': 0.1, 'function_budget': 10000.0, 'delta': 1e-05, 'cosamp_tol': 0.5, 'compessible_constant': 2}	2.0775686794231722	2.0775686794231722	0.0	85
10.073068380355835	0.0	5.936622619628906e-05	0.0	1.0	0.15	0.1	0.4	100	2	10	0.1	10000.0	1e-05	0.5	1.1	{'step_size': 1.0, 'prop_sparsity': 0.15, 'phi_lstsq': 0.1, 'phi_cosamp': 0.4, 'num_samples_constant': 100, 'norm': 2, 'max_cosamp_iter': 10, 'lamb': 0.1, 'function_budget': 10000.0, 'delta': 1e-05, 'cosamp_tol': 0.5, 'compessible_constant': 1.1}	2.422545609600404	2.422545609600404	0.0	84
7.78658652305603	0.0	3.0517578125e-05	0.0	1.0	0.1	0.2	0.2	100	2	5	0.1	10000.0	0.0001	0.5	2	{'step_size': 1.0, 'prop_sparsity': 0.1, 'phi_lstsq': 0.2, 'phi_cosamp': 0.2, 'num_samples_constant': 100, 'norm': 2, 'max_cosamp_iter': 5, 'lamb': 0.1, 'function_budget': 10000.0, 'delta': 0.0001, 'cosamp_tol': 0.5, 'compessible_constant': 2}	2.4698195076523515	2.4698195076523515	0.0	83
9.634673595428467	0.0	3.266334533691406e-05	0.0	1.0	0.1	0.1	0.4	100	2	5	0.1	10000.0	0.001	0.5	1	{'step_size': 1.0, 'prop_sparsity': 0.1, 'phi_lstsq': 0.1, 'phi_cosamp': 0.4, 'num_samples_constant': 100, 'norm': 2, 'max_cosamp_iter': 5, 'lamb': 0.1, 'function_budget': 10000.0, 'delta': 0.001, 'cosamp_tol': 0.5, 'compessible_constant': 1}	3.1879325472785616	3.1879325472785616	0.0	82
8.776525974273682	0.0	3.266334533691406e-05	0.0	1.0	0.15	0.05	0.8	100	2	10	0.1	10000.0	0.001	0.5	2	{'step_size': 1.0, 'prop_sparsity': 0.15, 'phi_lstsq': 0.05, 'phi_cosamp': 0.8, 'num_samples_constant': 100, 'norm': 2, 'max_cosamp_iter': 10, 'lamb': 0.1, 'function_budget': 10000.0, 'delta': 0.001, 'cosamp_tol': 0.5, 'compessible_constant': 2}	3.243015486629771	3.243015486629771	0.0	81
11.233416557312012	0.0	3.0040740966796875e-05	0.0	1.0	0.1	0.2	0.2	100	2	20	0.1	10000.0	0.001	0.5	1	{'step_size': 1.0, 'prop_sparsity': 0.1, 'phi_lstsq': 0.2, 'phi_cosamp': 0.2, 'num_samples_constant': 100, 'norm': 2, 'max_cosamp_iter': 20, 'lamb': 0.1, 'function_budget': 10000.0, 'delta': 0.001, 'cosamp_tol': 0.5, 'compessible_constant': 1}	3.2446836309436478	3.2446836309436478	0.0	80
11.708627939224243	0.0	3.0517578125e-05	0.0	1.0	0.05	0.1	0.2	100	2	25	0.1	10000.0	1e-05	0.5	1	{'step_size': 1.0, 'prop_sparsity': 0.05, 'phi_lstsq': 0.1, 'phi_cosamp': 0.2, 'num_samples_constant': 100, 'norm': 2, 'max_cosamp_iter': 25, 'lamb': 0.1, 'function_budget': 10000.0, 'delta': 1e-05, 'cosamp_tol': 0.5, 'compessible_constant': 1}	3.403833526043819	3.403833526043819	0.0	79
9.345715761184692	0.0	2.288818359375e-05	0.0	1.0	0.05	0.25	0.4	100	2	10	0.1	10000.0	1e-05	0.5	1	{'step_size': 1.0, 'prop_sparsity': 0.05, 'phi_lstsq': 0.25, 'phi_cosamp': 0.4, 'num_samples_constant': 100, 'norm': 2, 'max_cosamp_iter': 10, 'lamb': 0.1, 'function_budget': 10000.0, 'delta': 1e-05, 'cosamp_tol': 0.5, 'compessible_constant': 1}	4.235205596491635	4.235205596491635	0.0	78
11.079095602035522	0.0	3.0040740966796875e-05	0.0	1.0	0.2	0.25	0.2	100	2	25	0.1	10000.0	0.0001	0.5	1.1	{'step_size': 1.0, 'prop_sparsity': 0.2, 'phi_lstsq': 0.25, 'phi_cosamp': 0.2, 'num_samples_constant': 100, 'norm': 2, 'max_cosamp_iter': 25, 'lamb': 0.1, 'function_budget': 10000.0, 'delta': 0.0001, 'cosamp_tol': 0.5, 'compessible_constant': 1.1}	4.256703039246867	4.256703039246867	0.0	77
13.518885850906372	0.0	4.601478576660156e-05	0.0	1.0	0.2	0.1	0.2	100	2	20	0.1	10000.0	1e-05	0.5	1.25	{'step_size': 1.0, 'prop_sparsity': 0.2, 'phi_lstsq': 0.1, 'phi_cosamp': 0.2, 'num_samples_constant': 100, 'norm': 2, 'max_cosamp_iter': 20, 'lamb': 0.1, 'function_budget': 10000.0, 'delta': 1e-05, 'cosamp_tol': 0.5, 'compessible_constant': 1.25}	4.45307341586583	4.45307341586583	0.0	76
9.100881814956665	0.0	2.4557113647460938e-05	0.0	0.1	0.05	0.2	0.2	100	2	10	0.1	10000.0	0.001	0.5	1.1	{'step_size': 0.1, 'prop_sparsity': 0.05, 'phi_lstsq': 0.2, 'phi_cosamp': 0.2, 'num_samples_constant': 100, 'norm': 2, 'max_cosamp_iter': 10, 'lamb': 0.1, 'function_budget': 10000.0, 'delta': 0.001, 'cosamp_tol': 0.5, 'compessible_constant': 1.1}	4.506649868317472	4.506649868317472	0.0	75
9.239111185073853	0.0	2.7179718017578125e-05	0.0	1.0	0.2	0.1	0.6	100	2	15	0.1	10000.0	0.0001	0.5	1.5	{'step_size': 1.0, 'prop_sparsity': 0.2, 'phi_lstsq': 0.1, 'phi_cosamp': 0.6, 'num_samples_constant': 100, 'norm': 2, 'max_cosamp_iter': 15, 'lamb': 0.1, 'function_budget': 10000.0, 'delta': 0.0001, 'cosamp_tol': 0.5, 'compessible_constant': 1.5}	4.621841245792152	4.621841245792152	0.0	74
11.091903686523438	0.0	4.458427429199219e-05	0.0	0.1	0.05	0.15	0.6	100	2	10	0.1	10000.0	0.0001	0.5	1.25	{'step_size': 0.1, 'prop_sparsity': 0.05, 'phi_lstsq': 0.15, 'phi_cosamp': 0.6, 'num_samples_constant': 100, 'norm': 2, 'max_cosamp_iter': 10, 'lamb': 0.1, 'function_budget': 10000.0, 'delta': 0.0001, 'cosamp_tol': 0.5, 'compessible_constant': 1.25}	4.661284644056874	4.661284644056874	0.0	73
11.872881889343262	0.0	3.4332275390625e-05	0.0	0.1	0.05	0.2	0.6	100	2	25	0.1	10000.0	1e-05	0.5	1	{'step_size': 0.1, 'prop_sparsity': 0.05, 'phi_lstsq': 0.2, 'phi_cosamp': 0.6, 'num_samples_constant': 100, 'norm': 2, 'max_cosamp_iter': 25, 'lamb': 0.1, 'function_budget': 10000.0, 'delta': 1e-05, 'cosamp_tol': 0.5, 'compessible_constant': 1}	4.693485329606787	4.693485329606787	0.0	72
10.594653367996216	0.0	3.123283386230469e-05	0.0	0.1	0.05	0.15	0.4	100	2	25	0.1	10000.0	0.001	0.5	1	{'step_size': 0.1, 'prop_sparsity': 0.05, 'phi_lstsq': 0.15, 'phi_cosamp': 0.4, 'num_samples_constant': 100, 'norm': 2, 'max_cosamp_iter': 25, 'lamb': 0.1, 'function_budget': 10000.0, 'delta': 0.001, 'cosamp_tol': 0.5, 'compessible_constant': 1}	4.835707738198275	4.835707738198275	0.0	71
8.571829080581665	0.0	2.9087066650390625e-05	0.0	0.1	0.1	0.15	0.8	100	2	10	0.1	10000.0	0.001	0.5	1.25	{'step_size': 0.1, 'prop_sparsity': 0.1, 'phi_lstsq': 0.15, 'phi_cosamp': 0.8, 'num_samples_constant': 100, 'norm': 2, 'max_cosamp_iter': 10, 'lamb': 0.1, 'function_budget': 10000.0, 'delta': 0.001, 'cosamp_tol': 0.5, 'compessible_constant': 1.25}	5.0362766682696885	5.0362766682696885	0.0	70
6.786675691604614	0.0	2.6702880859375e-05	0.0	0.1	0.1	0.05	0.8	100	2	15	0.1	10000.0	1e-05	0.5	1.25	{'step_size': 0.1, 'prop_sparsity': 0.1, 'phi_lstsq': 0.05, 'phi_cosamp': 0.8, 'num_samples_constant': 100, 'norm': 2, 'max_cosamp_iter': 15, 'lamb': 0.1, 'function_budget': 10000.0, 'delta': 1e-05, 'cosamp_tol': 0.5, 'compessible_constant': 1.25}	5.0376710255947765	5.0376710255947765	0.0	69
7.557021141052246	0.0	3.337860107421875e-05	0.0	0.1	0.05	0.1	0.6	100	2	25	0.1	10000.0	1e-05	0.5	2	{'step_size': 0.1, 'prop_sparsity': 0.05, 'phi_lstsq': 0.1, 'phi_cosamp': 0.6, 'num_samples_constant': 100, 'norm': 2, 'max_cosamp_iter': 25, 'lamb': 0.1, 'function_budget': 10000.0, 'delta': 1e-05, 'cosamp_tol': 0.5, 'compessible_constant': 2}	5.129594576556297	5.129594576556297	0.0	68
10.046852588653564	0.0	3.170967102050781e-05	0.0	0.1	0.1	0.05	0.8	100	2	20	0.1	10000.0	0.0001	0.5	1	{'step_size': 0.1, 'prop_sparsity': 0.1, 'phi_lstsq': 0.05, 'phi_cosamp': 0.8, 'num_samples_constant': 100, 'norm': 2, 'max_cosamp_iter': 20, 'lamb': 0.1, 'function_budget': 10000.0, 'delta': 0.0001, 'cosamp_tol': 0.5, 'compessible_constant': 1}	5.335760487780984	5.335760487780984	0.0	67
8.047729969024658	0.0	3.5762786865234375e-05	0.0	0.1	0.15	0.25	0.2	100	2	25	0.1	10000.0	0.001	0.5	1.1	{'step_size': 0.1, 'prop_sparsity': 0.15, 'phi_lstsq': 0.25, 'phi_cosamp': 0.2, 'num_samples_constant': 100, 'norm': 2, 'max_cosamp_iter': 25, 'lamb': 0.1, 'function_budget': 10000.0, 'delta': 0.001, 'cosamp_tol': 0.5, 'compessible_constant': 1.1}	5.367333398851673	5.367333398851673	0.0	66
6.843327522277832	0.0	3.457069396972656e-05	0.0	0.1	0.1	0.1	0.4	100	2	5	0.1	10000.0	0.0001	0.5	2	{'step_size': 0.1, 'prop_sparsity': 0.1, 'phi_lstsq': 0.1, 'phi_cosamp': 0.4, 'num_samples_constant': 100, 'norm': 2, 'max_cosamp_iter': 5, 'lamb': 0.1, 'function_budget': 10000.0, 'delta': 0.0001, 'cosamp_tol': 0.5, 'compessible_constant': 2}	5.398081105242374	5.398081105242374	0.0	65
9.424148082733154	0.0	3.552436828613281e-05	0.0	0.1	0.15	0.1	0.4	100	2	20	0.1	10000.0	0.0001	0.5	2	{'step_size': 0.1, 'prop_sparsity': 0.15, 'phi_lstsq': 0.1, 'phi_cosamp': 0.4, 'num_samples_constant': 100, 'norm': 2, 'max_cosamp_iter': 20, 'lamb': 0.1, 'function_budget': 10000.0, 'delta': 0.0001, 'cosamp_tol': 0.5, 'compessible_constant': 2}	5.666408823166403	5.666408823166403	0.0	64
11.644725322723389	0.0	3.838539123535156e-05	0.0	0.1	0.2	0.1	0.2	100	2	20	0.1	10000.0	1e-05	0.5	1.1	{'step_size': 0.1, 'prop_sparsity': 0.2, 'phi_lstsq': 0.1, 'phi_cosamp': 0.2, 'num_samples_constant': 100, 'norm': 2, 'max_cosamp_iter': 20, 'lamb': 0.1, 'function_budget': 10000.0, 'delta': 1e-05, 'cosamp_tol': 0.5, 'compessible_constant': 1.1}	5.872796130298102	5.872796130298102	0.0	63
10.74683165550232	0.0	6.604194641113281e-05	0.0	0.01	0.05	0.15	0.8	100	2	20	0.1	10000.0	0.0001	0.5	1	{'step_size': 0.01, 'prop_sparsity': 0.05, 'phi_lstsq': 0.15, 'phi_cosamp': 0.8, 'num_samples_constant': 100, 'norm': 2, 'max_cosamp_iter': 20, 'lamb': 0.1, 'function_budget': 10000.0, 'delta': 0.0001, 'cosamp_tol': 0.5, 'compessible_constant': 1}	5.9010046202588455	5.9010046202588455	0.0	62
10.475542545318604	0.0	4.291534423828125e-05	0.0	0.1	0.2	0.25	0.2	100	2	10	0.1	10000.0	0.0001	0.5	1.5	{'step_size': 0.1, 'prop_sparsity': 0.2, 'phi_lstsq': 0.25, 'phi_cosamp': 0.2, 'num_samples_constant': 100, 'norm': 2, 'max_cosamp_iter': 10, 'lamb': 0.1, 'function_budget': 10000.0, 'delta': 0.0001, 'cosamp_tol': 0.5, 'compessible_constant': 1.5}	5.924357543414758	5.924357543414758	0.0	61
10.549997329711914	0.0	3.4332275390625e-05	0.0	0.01	0.05	0.25	0.4	100	2	5	0.1	10000.0	0.0001	0.5	1.25	{'step_size': 0.01, 'prop_sparsity': 0.05, 'phi_lstsq': 0.25, 'phi_cosamp': 0.4, 'num_samples_constant': 100, 'norm': 2, 'max_cosamp_iter': 5, 'lamb': 0.1, 'function_budget': 10000.0, 'delta': 0.0001, 'cosamp_tol': 0.5, 'compessible_constant': 1.25}	5.929379696268807	5.929379696268807	0.0	60
9.325048923492432	0.0	2.9802322387695312e-05	0.0	0.01	0.05	0.25	0.6	100	2	10	0.1	10000.0	0.001	0.5	1	{'step_size': 0.01, 'prop_sparsity': 0.05, 'phi_lstsq': 0.25, 'phi_cosamp': 0.6, 'num_samples_constant': 100, 'norm': 2, 'max_cosamp_iter': 10, 'lamb': 0.1, 'function_budget': 10000.0, 'delta': 0.001, 'cosamp_tol': 0.5, 'compessible_constant': 1}	5.941869881329117	5.941869881329117	0.0	59
9.76859188079834	0.0	3.0994415283203125e-05	0.0	0.01	0.1	0.15	0.2	100	2	15	0.1	10000.0	0.001	0.5	1	{'step_size': 0.01, 'prop_sparsity': 0.1, 'phi_lstsq': 0.15, 'phi_cosamp': 0.2, 'num_samples_constant': 100, 'norm': 2, 'max_cosamp_iter': 15, 'lamb': 0.1, 'function_budget': 10000.0, 'delta': 0.001, 'cosamp_tol': 0.5, 'compessible_constant': 1}	5.956405224845837	5.956405224845837	0.0	58
7.3102805614471436	0.0	2.7179718017578125e-05	0.0	0.01	0.1	0.25	0.6	100	2	15	0.1	10000.0	0.001	0.5	1.1	{'step_size': 0.01, 'prop_sparsity': 0.1, 'phi_lstsq': 0.25, 'phi_cosamp': 0.6, 'num_samples_constant': 100, 'norm': 2, 'max_cosamp_iter': 15, 'lamb': 0.1, 'function_budget': 10000.0, 'delta': 0.001, 'cosamp_tol': 0.5, 'compessible_constant': 1.1}	5.962119636126987	5.962119636126987	0.0	57
10.386685609817505	0.0	2.9802322387695312e-05	0.0	0.01	0.1	0.15	0.4	100	2	15	0.1	10000.0	0.0001	0.5	1.1	{'step_size': 0.01, 'prop_sparsity': 0.1, 'phi_lstsq': 0.15, 'phi_cosamp': 0.4, 'num_samples_constant': 100, 'norm': 2, 'max_cosamp_iter': 15, 'lamb': 0.1, 'function_budget': 10000.0, 'delta': 0.0001, 'cosamp_tol': 0.5, 'compessible_constant': 1.1}	5.963957408500649	5.963957408500649	0.0	56
7.665675640106201	0.0	3.314018249511719e-05	0.0	0.01	0.1	0.05	0.4	100	2	25	0.1	10000.0	1e-05	0.5	1.25	{'step_size': 0.01, 'prop_sparsity': 0.1, 'phi_lstsq': 0.05, 'phi_cosamp': 0.4, 'num_samples_constant': 100, 'norm': 2, 'max_cosamp_iter': 25, 'lamb': 0.1, 'function_budget': 10000.0, 'delta': 1e-05, 'cosamp_tol': 0.5, 'compessible_constant': 1.25}	5.980171202672285	5.980171202672285	0.0	55
9.85616421699524	0.0	3.4332275390625e-05	0.0	0.1	0.2	0.25	0.4	100	2	20	0.1	10000.0	0.0001	0.5	2	{'step_size': 0.1, 'prop_sparsity': 0.2, 'phi_lstsq': 0.25, 'phi_cosamp': 0.4, 'num_samples_constant': 100, 'norm': 2, 'max_cosamp_iter': 20, 'lamb': 0.1, 'function_budget': 10000.0, 'delta': 0.0001, 'cosamp_tol': 0.5, 'compessible_constant': 2}	5.982901438890949	5.982901438890949	0.0	54
8.995965242385864	0.0	3.790855407714844e-05	0.0	0.01	0.05	0.25	0.6	100	2	10	0.1	10000.0	1e-05	0.5	2	{'step_size': 0.01, 'prop_sparsity': 0.05, 'phi_lstsq': 0.25, 'phi_cosamp': 0.6, 'num_samples_constant': 100, 'norm': 2, 'max_cosamp_iter': 10, 'lamb': 0.1, 'function_budget': 10000.0, 'delta': 1e-05, 'cosamp_tol': 0.5, 'compessible_constant': 2}	5.9919462044652825	5.9919462044652825	0.0	53
8.16076111793518	0.0	3.314018249511719e-05	0.0	0.01	0.05	0.1	0.6	100	2	20	0.1	10000.0	1e-05	0.5	2	{'step_size': 0.01, 'prop_sparsity': 0.05, 'phi_lstsq': 0.1, 'phi_cosamp': 0.6, 'num_samples_constant': 100, 'norm': 2, 'max_cosamp_iter': 20, 'lamb': 0.1, 'function_budget': 10000.0, 'delta': 1e-05, 'cosamp_tol': 0.5, 'compessible_constant': 2}	5.992281226510114	5.992281226510114	0.0	52
8.5537748336792	0.0	2.86102294921875e-05	0.0	0.01	0.15	0.2	0.4	100	2	25	0.1	10000.0	0.001	0.5	1.1	{'step_size': 0.01, 'prop_sparsity': 0.15, 'phi_lstsq': 0.2, 'phi_cosamp': 0.4, 'num_samples_constant': 100, 'norm': 2, 'max_cosamp_iter': 25, 'lamb': 0.1, 'function_budget': 10000.0, 'delta': 0.001, 'cosamp_tol': 0.5, 'compessible_constant': 1.1}	6.021963018605211	6.021963018605211	0.0	51
9.576509714126587	0.0	4.5299530029296875e-05	0.0	0.01	0.15	0.2	0.4	100	2	5	0.1	10000.0	1e-05	0.5	1.25	{'step_size': 0.01, 'prop_sparsity': 0.15, 'phi_lstsq': 0.2, 'phi_cosamp': 0.4, 'num_samples_constant': 100, 'norm': 2, 'max_cosamp_iter': 5, 'lamb': 0.1, 'function_budget': 10000.0, 'delta': 1e-05, 'cosamp_tol': 0.5, 'compessible_constant': 1.25}	6.0294032984092345	6.0294032984092345	0.0	50
7.333319187164307	0.0	3.0040740966796875e-05	0.0	0.01	0.15	0.1	0.8	100	2	15	0.1	10000.0	0.001	0.5	1.5	{'step_size': 0.01, 'prop_sparsity': 0.15, 'phi_lstsq': 0.1, 'phi_cosamp': 0.8, 'num_samples_constant': 100, 'norm': 2, 'max_cosamp_iter': 15, 'lamb': 0.1, 'function_budget': 10000.0, 'delta': 0.001, 'cosamp_tol': 0.5, 'compessible_constant': 1.5}	6.040324527342021	6.040324527342021	0.0	49
9.786865234375	0.0	4.100799560546875e-05	0.0	0.01	0.15	0.15	0.6	100	2	25	0.1	10000.0	1e-05	0.5	1.5	{'step_size': 0.01, 'prop_sparsity': 0.15, 'phi_lstsq': 0.15, 'phi_cosamp': 0.6, 'num_samples_constant': 100, 'norm': 2, 'max_cosamp_iter': 25, 'lamb': 0.1, 'function_budget': 10000.0, 'delta': 1e-05, 'cosamp_tol': 0.5, 'compessible_constant': 1.5}	6.040733318673177	6.040733318673177	0.0	48
8.079542398452759	0.0	3.0517578125e-05	0.0	0.01	0.15	0.05	0.4	100	2	10	0.1	10000.0	1e-05	0.5	1.5	{'step_size': 0.01, 'prop_sparsity': 0.15, 'phi_lstsq': 0.05, 'phi_cosamp': 0.4, 'num_samples_constant': 100, 'norm': 2, 'max_cosamp_iter': 10, 'lamb': 0.1, 'function_budget': 10000.0, 'delta': 1e-05, 'cosamp_tol': 0.5, 'compessible_constant': 1.5}	6.041195145773835	6.041195145773835	0.0	47
9.594183683395386	0.0	3.790855407714844e-05	0.0	0.01	0.15	0.15	0.6	100	2	15	0.1	10000.0	1e-05	0.5	2	{'step_size': 0.01, 'prop_sparsity': 0.15, 'phi_lstsq': 0.15, 'phi_cosamp': 0.6, 'num_samples_constant': 100, 'norm': 2, 'max_cosamp_iter': 15, 'lamb': 0.1, 'function_budget': 10000.0, 'delta': 1e-05, 'cosamp_tol': 0.5, 'compessible_constant': 2}	6.055170948279003	6.055170948279003	0.0	46
7.229851245880127	0.0	3.0279159545898438e-05	0.0	0.01	0.15	0.1	0.6	100	2	10	0.1	10000.0	0.0001	0.5	1	{'step_size': 0.01, 'prop_sparsity': 0.15, 'phi_lstsq': 0.1, 'phi_cosamp': 0.6, 'num_samples_constant': 100, 'norm': 2, 'max_cosamp_iter': 10, 'lamb': 0.1, 'function_budget': 10000.0, 'delta': 0.0001, 'cosamp_tol': 0.5, 'compessible_constant': 1}	6.082694336876703	6.082694336876703	0.0	45
7.5522918701171875	0.0	2.5033950805664062e-05	0.0	0.001	0.05	0.05	0.6	100	2	5	0.1	10000.0	1e-05	0.5	1.25	{'step_size': 0.001, 'prop_sparsity': 0.05, 'phi_lstsq': 0.05, 'phi_cosamp': 0.6, 'num_samples_constant': 100, 'norm': 2, 'max_cosamp_iter': 5, 'lamb': 0.1, 'function_budget': 10000.0, 'delta': 1e-05, 'cosamp_tol': 0.5, 'compessible_constant': 1.25}	6.083071012944551	6.083071012944551	0.0	44
9.477794408798218	0.0	3.457069396972656e-05	0.0	0.001	0.1	0.2	0.6	100	2	5	0.1	10000.0	1e-05	0.5	1	{'step_size': 0.001, 'prop_sparsity': 0.1, 'phi_lstsq': 0.2, 'phi_cosamp': 0.6, 'num_samples_constant': 100, 'norm': 2, 'max_cosamp_iter': 5, 'lamb': 0.1, 'function_budget': 10000.0, 'delta': 1e-05, 'cosamp_tol': 0.5, 'compessible_constant': 1}	6.08489047147744	6.08489047147744	0.0	43
7.875025272369385	0.0	2.956390380859375e-05	0.0	0.001	0.05	0.1	0.8	100	2	5	0.1	10000.0	0.001	0.5	1.5	{'step_size': 0.001, 'prop_sparsity': 0.05, 'phi_lstsq': 0.1, 'phi_cosamp': 0.8, 'num_samples_constant': 100, 'norm': 2, 'max_cosamp_iter': 5, 'lamb': 0.1, 'function_budget': 10000.0, 'delta': 0.001, 'cosamp_tol': 0.5, 'compessible_constant': 1.5}	6.085586193188611	6.085586193188611	0.0	42
11.009933233261108	0.0	3.0994415283203125e-05	0.0	0.1	0.2	0.2	0.4	100	2	10	0.1	10000.0	0.001	0.5	1	{'step_size': 0.1, 'prop_sparsity': 0.2, 'phi_lstsq': 0.2, 'phi_cosamp': 0.4, 'num_samples_constant': 100, 'norm': 2, 'max_cosamp_iter': 10, 'lamb': 0.1, 'function_budget': 10000.0, 'delta': 0.001, 'cosamp_tol': 0.5, 'compessible_constant': 1}	6.086347358412935	6.086347358412935	0.0	41
9.465518951416016	0.0	3.2901763916015625e-05	0.0	0.001	0.1	0.15	0.4	100	2	20	0.1	10000.0	0.001	0.5	1.1	{'step_size': 0.001, 'prop_sparsity': 0.1, 'phi_lstsq': 0.15, 'phi_cosamp': 0.4, 'num_samples_constant': 100, 'norm': 2, 'max_cosamp_iter': 20, 'lamb': 0.1, 'function_budget': 10000.0, 'delta': 0.001, 'cosamp_tol': 0.5, 'compessible_constant': 1.1}	6.086669381620518	6.086669381620518	0.0	40
6.364723205566406	0.0	3.9577484130859375e-05	0.0	0.001	0.1	0.25	0.4	100	2	5	0.1	10000.0	1e-05	0.5	1.25	{'step_size': 0.001, 'prop_sparsity': 0.1, 'phi_lstsq': 0.25, 'phi_cosamp': 0.4, 'num_samples_constant': 100, 'norm': 2, 'max_cosamp_iter': 5, 'lamb': 0.1, 'function_budget': 10000.0, 'delta': 1e-05, 'cosamp_tol': 0.5, 'compessible_constant': 1.25}	6.088265925158626	6.088265925158626	0.0	39
7.653193712234497	0.0	3.2901763916015625e-05	0.0	0.01	0.2	0.05	0.2	100	2	20	0.1	10000.0	0.001	0.5	2	{'step_size': 0.01, 'prop_sparsity': 0.2, 'phi_lstsq': 0.05, 'phi_cosamp': 0.2, 'num_samples_constant': 100, 'norm': 2, 'max_cosamp_iter': 20, 'lamb': 0.1, 'function_budget': 10000.0, 'delta': 0.001, 'cosamp_tol': 0.5, 'compessible_constant': 2}	6.088910641553509	6.088910641553509	0.0	38
9.014432668685913	0.0	2.765655517578125e-05	0.0	0.001	0.15	0.2	0.2	100	2	25	0.1	10000.0	0.0001	0.5	1.1	{'step_size': 0.001, 'prop_sparsity': 0.15, 'phi_lstsq': 0.2, 'phi_cosamp': 0.2, 'num_samples_constant': 100, 'norm': 2, 'max_cosamp_iter': 25, 'lamb': 0.1, 'function_budget': 10000.0, 'delta': 0.0001, 'cosamp_tol': 0.5, 'compessible_constant': 1.1}	6.092441603947696	6.092441603947696	0.0	37
10.959842920303345	0.0	3.647804260253906e-05	0.0	0.001	0.15	0.05	0.8	100	2	20	0.1	10000.0	1e-05	0.5	1.1	{'step_size': 0.001, 'prop_sparsity': 0.15, 'phi_lstsq': 0.05, 'phi_cosamp': 0.8, 'num_samples_constant': 100, 'norm': 2, 'max_cosamp_iter': 20, 'lamb': 0.1, 'function_budget': 10000.0, 'delta': 1e-05, 'cosamp_tol': 0.5, 'compessible_constant': 1.1}	6.0925081659098925	6.0925081659098925	0.0	36
5.015800476074219	0.0	1.7881393432617188e-05	0.0	0.001	0.15	0.2	0.6	100	2	10	0.1	10000.0	0.0001	0.5	1.25	{'step_size': 0.001, 'prop_sparsity': 0.15, 'phi_lstsq': 0.2, 'phi_cosamp': 0.6, 'num_samples_constant': 100, 'norm': 2, 'max_cosamp_iter': 10, 'lamb': 0.1, 'function_budget': 10000.0, 'delta': 0.0001, 'cosamp_tol': 0.5, 'compessible_constant': 1.25}	6.093270655535523	6.093270655535523	0.0	35
7.900760889053345	0.0	3.9577484130859375e-05	0.0	0.001	0.15	0.1	0.6	100	2	10	0.1	10000.0	0.001	0.5	1.25	{'step_size': 0.001, 'prop_sparsity': 0.15, 'phi_lstsq': 0.1, 'phi_cosamp': 0.6, 'num_samples_constant': 100, 'norm': 2, 'max_cosamp_iter': 10, 'lamb': 0.1, 'function_budget': 10000.0, 'delta': 0.001, 'cosamp_tol': 0.5, 'compessible_constant': 1.25}	6.093709972105347	6.093709972105347	0.0	34
12.03578519821167	0.0	3.886222839355469e-05	0.0	0.001	0.2	0.05	0.4	100	2	25	0.1	10000.0	1e-05	0.5	1.1	{'step_size': 0.001, 'prop_sparsity': 0.2, 'phi_lstsq': 0.05, 'phi_cosamp': 0.4, 'num_samples_constant': 100, 'norm': 2, 'max_cosamp_iter': 25, 'lamb': 0.1, 'function_budget': 10000.0, 'delta': 1e-05, 'cosamp_tol': 0.5, 'compessible_constant': 1.1}	6.098151547622428	6.098151547622428	0.0	33
16.1707820892334	0.0	2.6226043701171875e-05	0.0	0.1	0.25	0.1	0.4	100	2	25	0.1	10000.0	0.0001	0.5	1.5	{'step_size': 0.1, 'prop_sparsity': 0.25, 'phi_lstsq': 0.1, 'phi_cosamp': 0.4, 'num_samples_constant': 100, 'norm': 2, 'max_cosamp_iter': 25, 'lamb': 0.1, 'function_budget': 10000.0, 'delta': 0.0001, 'cosamp_tol': 0.5, 'compessible_constant': 1.5}	6.100476630137941	6.100476630137941	0.0	16
14.631822347640991	0.0	2.7418136596679688e-05	0.0	1.0	0.25	0.25	0.6	100	2	20	0.1	10000.0	0.0001	0.5	1.25	{'step_size': 1.0, 'prop_sparsity': 0.25, 'phi_lstsq': 0.25, 'phi_cosamp': 0.6, 'num_samples_constant': 100, 'norm': 2, 'max_cosamp_iter': 20, 'lamb': 0.1, 'function_budget': 10000.0, 'delta': 0.0001, 'cosamp_tol': 0.5, 'compessible_constant': 1.25}	6.100476630137941	6.100476630137941	0.0	16
14.027937650680542	0.0	2.384185791015625e-05	0.0	0.01	0.25	0.25	0.4	100	2	25	0.1	10000.0	0.001	0.5	1	{'step_size': 0.01, 'prop_sparsity': 0.25, 'phi_lstsq': 0.25, 'phi_cosamp': 0.4, 'num_samples_constant': 100, 'norm': 2, 'max_cosamp_iter': 25, 'lamb': 0.1, 'function_budget': 10000.0, 'delta': 0.001, 'cosamp_tol': 0.5, 'compessible_constant': 1}	6.100476630137941	6.100476630137941	0.0	16
18.79080605506897	0.0	2.5987625122070312e-05	0.0	0.1	0.25	0.2	0.6	100	2	10	0.1	10000.0	0.001	0.5	1	{'step_size': 0.1, 'prop_sparsity': 0.25, 'phi_lstsq': 0.2, 'phi_cosamp': 0.6, 'num_samples_constant': 100, 'norm': 2, 'max_cosamp_iter': 10, 'lamb': 0.1, 'function_budget': 10000.0, 'delta': 0.001, 'cosamp_tol': 0.5, 'compessible_constant': 1}	6.100476630137941	6.100476630137941	0.0	16
17.394529104232788	0.0	3.600120544433594e-05	0.0	1.0	0.25	0.05	0.6	100	2	20	0.1	10000.0	0.001	0.5	1.5	{'step_size': 1.0, 'prop_sparsity': 0.25, 'phi_lstsq': 0.05, 'phi_cosamp': 0.6, 'num_samples_constant': 100, 'norm': 2, 'max_cosamp_iter': 20, 'lamb': 0.1, 'function_budget': 10000.0, 'delta': 0.001, 'cosamp_tol': 0.5, 'compessible_constant': 1.5}	6.100476630137941	6.100476630137941	0.0	16
12.209165573120117	0.0	2.002716064453125e-05	0.0	10.0	0.25	0.2	0.4	100	2	5	0.1	10000.0	0.001	0.5	1.1	{'step_size': 10.0, 'prop_sparsity': 0.25, 'phi_lstsq': 0.2, 'phi_cosamp': 0.4, 'num_samples_constant': 100, 'norm': 2, 'max_cosamp_iter': 5, 'lamb': 0.1, 'function_budget': 10000.0, 'delta': 0.001, 'cosamp_tol': 0.5, 'compessible_constant': 1.1}	6.100476630137941	6.100476630137941	0.0	16
7.402757883071899	0.0	1.8835067749023438e-05	0.0	0.001	0.25	0.1	0.8	100	2	5	0.1	10000.0	0.0001	0.5	2	{'step_size': 0.001, 'prop_sparsity': 0.25, 'phi_lstsq': 0.1, 'phi_cosamp': 0.8, 'num_samples_constant': 100, 'norm': 2, 'max_cosamp_iter': 5, 'lamb': 0.1, 'function_budget': 10000.0, 'delta': 0.0001, 'cosamp_tol': 0.5, 'compessible_constant': 2}	6.100476630137941	6.100476630137941	0.0	16
12.766448020935059	0.0	3.147125244140625e-05	0.0	0.001	0.25	0.25	0.8	100	2	20	0.1	10000.0	0.001	0.5	1.1	{'step_size': 0.001, 'prop_sparsity': 0.25, 'phi_lstsq': 0.25, 'phi_cosamp': 0.8, 'num_samples_constant': 100, 'norm': 2, 'max_cosamp_iter': 20, 'lamb': 0.1, 'function_budget': 10000.0, 'delta': 0.001, 'cosamp_tol': 0.5, 'compessible_constant': 1.1}	6.100476630137941	6.100476630137941	0.0	16
12.73454761505127	0.0	3.0994415283203125e-05	0.0	100.0	0.25	0.15	0.8	100	2	25	0.1	10000.0	0.0001	0.5	1.25	{'step_size': 100.0, 'prop_sparsity': 0.25, 'phi_lstsq': 0.15, 'phi_cosamp': 0.8, 'num_samples_constant': 100, 'norm': 2, 'max_cosamp_iter': 25, 'lamb': 0.1, 'function_budget': 10000.0, 'delta': 0.0001, 'cosamp_tol': 0.5, 'compessible_constant': 1.25}	6.100476630137941	6.100476630137941	0.0	16
21.094785690307617	0.0	3.743171691894531e-05	0.0	100.0	0.25	0.2	0.8	100	2	15	0.1	10000.0	0.001	0.5	1.25	{'step_size': 100.0, 'prop_sparsity': 0.25, 'phi_lstsq': 0.2, 'phi_cosamp': 0.8, 'num_samples_constant': 100, 'norm': 2, 'max_cosamp_iter': 15, 'lamb': 0.1, 'function_budget': 10000.0, 'delta': 0.001, 'cosamp_tol': 0.5, 'compessible_constant': 1.25}	6.100476630137941	6.100476630137941	0.0	16
13.132677793502808	0.0	2.6941299438476562e-05	0.0	0.01	0.25	0.15	0.6	100	2	15	0.1	10000.0	0.001	0.5	1	{'step_size': 0.01, 'prop_sparsity': 0.25, 'phi_lstsq': 0.15, 'phi_cosamp': 0.6, 'num_samples_constant': 100, 'norm': 2, 'max_cosamp_iter': 15, 'lamb': 0.1, 'function_budget': 10000.0, 'delta': 0.001, 'cosamp_tol': 0.5, 'compessible_constant': 1}	6.100476630137941	6.100476630137941	0.0	16
17.822571516036987	0.0	3.266334533691406e-05	0.0	100.0	0.25	0.1	0.6	100	2	20	0.1	10000.0	1e-05	0.5	1.1	{'step_size': 100.0, 'prop_sparsity': 0.25, 'phi_lstsq': 0.1, 'phi_cosamp': 0.6, 'num_samples_constant': 100, 'norm': 2, 'max_cosamp_iter': 20, 'lamb': 0.1, 'function_budget': 10000.0, 'delta': 1e-05, 'cosamp_tol': 0.5, 'compessible_constant': 1.1}	6.100476630137941	6.100476630137941	0.0	16
20.239713430404663	0.0	3.552436828613281e-05	0.0	0.01	0.25	0.2	0.4	100	2	5	0.1	10000.0	1e-05	0.5	1	{'step_size': 0.01, 'prop_sparsity': 0.25, 'phi_lstsq': 0.2, 'phi_cosamp': 0.4, 'num_samples_constant': 100, 'norm': 2, 'max_cosamp_iter': 5, 'lamb': 0.1, 'function_budget': 10000.0, 'delta': 1e-05, 'cosamp_tol': 0.5, 'compessible_constant': 1}	6.100476630137941	6.100476630137941	0.0	16
18.703022480010986	0.0	4.363059997558594e-05	0.0	10.0	0.25	0.1	0.6	100	2	20	0.1	10000.0	0.001	0.5	2	{'step_size': 10.0, 'prop_sparsity': 0.25, 'phi_lstsq': 0.1, 'phi_cosamp': 0.6, 'num_samples_constant': 100, 'norm': 2, 'max_cosamp_iter': 20, 'lamb': 0.1, 'function_budget': 10000.0, 'delta': 0.001, 'cosamp_tol': 0.5, 'compessible_constant': 2}	6.100476630137941	6.100476630137941	0.0	16
14.462707996368408	0.0	3.409385681152344e-05	0.0	1.0	0.25	0.05	0.4	100	2	10	0.1	10000.0	0.0001	0.5	1.25	{'step_size': 1.0, 'prop_sparsity': 0.25, 'phi_lstsq': 0.05, 'phi_cosamp': 0.4, 'num_samples_constant': 100, 'norm': 2, 'max_cosamp_iter': 10, 'lamb': 0.1, 'function_budget': 10000.0, 'delta': 0.0001, 'cosamp_tol': 0.5, 'compessible_constant': 1.25}	6.100476630137941	6.100476630137941	0.0	16
19.813581943511963	0.0	3.3855438232421875e-05	0.0	0.1	0.25	0.1	0.4	100	2	25	0.1	10000.0	0.0001	0.5	2	{'step_size': 0.1, 'prop_sparsity': 0.25, 'phi_lstsq': 0.1, 'phi_cosamp': 0.4, 'num_samples_constant': 100, 'norm': 2, 'max_cosamp_iter': 25, 'lamb': 0.1, 'function_budget': 10000.0, 'delta': 0.0001, 'cosamp_tol': 0.5, 'compessible_constant': 2}	6.100476630137941	6.100476630137941	0.0	16
22.145046710968018	0.0	3.457069396972656e-05	0.0	0.001	0.25	0.25	0.8	100	2	10	0.1	10000.0	0.001	0.5	2	{'step_size': 0.001, 'prop_sparsity': 0.25, 'phi_lstsq': 0.25, 'phi_cosamp': 0.8, 'num_samples_constant': 100, 'norm': 2, 'max_cosamp_iter': 10, 'lamb': 0.1, 'function_budget': 10000.0, 'delta': 0.001, 'cosamp_tol': 0.5, 'compessible_constant': 2}	6.100476630137941	6.100476630137941	0.0	16
11.08739447593689	0.0	1.7642974853515625e-05	0.0	0.001	0.2	0.05	0.4	100	2	25	0.1	10000.0	0.001	0.5	1	{'step_size': 0.001, 'prop_sparsity': 0.2, 'phi_lstsq': 0.05, 'phi_cosamp': 0.4, 'num_samples_constant': 100, 'norm': 2, 'max_cosamp_iter': 25, 'lamb': 0.1, 'function_budget': 10000.0, 'delta': 0.001, 'cosamp_tol': 0.5, 'compessible_constant': 1}	6.104755008864842	6.104755008864842	0.0	15
9.28827428817749	0.0	5.7697296142578125e-05	0.0	0.01	0.2	0.05	0.4	100	2	10	0.1	10000.0	0.001	0.5	1	{'step_size': 0.01, 'prop_sparsity': 0.2, 'phi_lstsq': 0.05, 'phi_cosamp': 0.4, 'num_samples_constant': 100, 'norm': 2, 'max_cosamp_iter': 10, 'lamb': 0.1, 'function_budget': 10000.0, 'delta': 0.001, 'cosamp_tol': 0.5, 'compessible_constant': 1}	6.111786853662859	6.111786853662859	0.0	14
11.099433422088623	0.0	2.9325485229492188e-05	0.0	0.1	0.2	0.25	0.4	100	2	10	0.1	10000.0	0.0001	0.5	1	{'step_size': 0.1, 'prop_sparsity': 0.2, 'phi_lstsq': 0.25, 'phi_cosamp': 0.4, 'num_samples_constant': 100, 'norm': 2, 'max_cosamp_iter': 10, 'lamb': 0.1, 'function_budget': 10000.0, 'delta': 0.0001, 'cosamp_tol': 0.5, 'compessible_constant': 1}	6.1188120880966	6.1188120880966	0.0	13
11.20594573020935	0.0	2.6941299438476562e-05	0.0	1.0	0.2	0.05	0.4	100	2	25	0.1	10000.0	1e-05	0.5	1	{'step_size': 1.0, 'prop_sparsity': 0.2, 'phi_lstsq': 0.05, 'phi_cosamp': 0.4, 'num_samples_constant': 100, 'norm': 2, 'max_cosamp_iter': 25, 'lamb': 0.1, 'function_budget': 10000.0, 'delta': 1e-05, 'cosamp_tol': 0.5, 'compessible_constant': 1}	8.03856662565026	8.03856662565026	0.0	12
7.1805419921875	0.0	2.7894973754882812e-05	0.0	1.0	0.1	0.25	0.2	100	2	25	0.1	10000.0	1e-05	0.5	1	{'step_size': 1.0, 'prop_sparsity': 0.1, 'phi_lstsq': 0.25, 'phi_cosamp': 0.2, 'num_samples_constant': 100, 'norm': 2, 'max_cosamp_iter': 25, 'lamb': 0.1, 'function_budget': 10000.0, 'delta': 1e-05, 'cosamp_tol': 0.5, 'compessible_constant': 1}	8.114389151620713	8.114389151620713	0.0	11
8.303391933441162	0.0	3.0040740966796875e-05	0.0	10.0	0.15	0.2	0.8	100	2	5	0.1	10000.0	0.0001	0.5	1	{'step_size': 10.0, 'prop_sparsity': 0.15, 'phi_lstsq': 0.2, 'phi_cosamp': 0.8, 'num_samples_constant': 100, 'norm': 2, 'max_cosamp_iter': 5, 'lamb': 0.1, 'function_budget': 10000.0, 'delta': 0.0001, 'cosamp_tol': 0.5, 'compessible_constant': 1}	20.456724878895578	20.456724878895578	0.0	10
10.605184078216553	0.0	5.221366882324219e-05	0.0	1.0	0.05	0.1	0.2	100	2	25	0.1	10000.0	0.001	0.5	1	{'step_size': 1.0, 'prop_sparsity': 0.05, 'phi_lstsq': 0.1, 'phi_cosamp': 0.2, 'num_samples_constant': 100, 'norm': 2, 'max_cosamp_iter': 25, 'lamb': 0.1, 'function_budget': 10000.0, 'delta': 0.001, 'cosamp_tol': 0.5, 'compessible_constant': 1}	21.395532096420236	21.395532096420236	0.0	9
12.663899183273315	0.0	4.9591064453125e-05	0.0	100.0	0.2	0.15	0.2	100	2	25	0.1	10000.0	0.0001	0.5	1.25	{'step_size': 100.0, 'prop_sparsity': 0.2, 'phi_lstsq': 0.15, 'phi_cosamp': 0.2, 'num_samples_constant': 100, 'norm': 2, 'max_cosamp_iter': 25, 'lamb': 0.1, 'function_budget': 10000.0, 'delta': 0.0001, 'cosamp_tol': 0.5, 'compessible_constant': 1.25}	516127.02015503653	516127.02015503653	0.0	8
8.81485652923584	0.0	3.337860107421875e-05	0.0	100.0	0.15	0.2	0.8	100	2	15	0.1	10000.0	0.0001	0.5	2	{'step_size': 100.0, 'prop_sparsity': 0.15, 'phi_lstsq': 0.2, 'phi_cosamp': 0.8, 'num_samples_constant': 100, 'norm': 2, 'max_cosamp_iter': 15, 'lamb': 0.1, 'function_budget': 10000.0, 'delta': 0.0001, 'cosamp_tol': 0.5, 'compessible_constant': 2}	644544708516.26	644544708516.26	0.0	7
9.555489778518677	0.0	3.457069396972656e-05	0.0	100.0	0.15	0.1	0.4	100	2	15	0.1	10000.0	0.0001	0.5	2	{'step_size': 100.0, 'prop_sparsity': 0.15, 'phi_lstsq': 0.1, 'phi_cosamp': 0.4, 'num_samples_constant': 100, 'norm': 2, 'max_cosamp_iter': 15, 'lamb': 0.1, 'function_budget': 10000.0, 'delta': 0.0001, 'cosamp_tol': 0.5, 'compessible_constant': 2}	732474878980.2642	732474878980.2642	0.0	6
6.809188604354858	0.0	3.170967102050781e-05	0.0	100.0	0.15	0.2	0.4	100	2	15	0.1	10000.0	0.001	0.5	1.25	{'step_size': 100.0, 'prop_sparsity': 0.15, 'phi_lstsq': 0.2, 'phi_cosamp': 0.4, 'num_samples_constant': 100, 'norm': 2, 'max_cosamp_iter': 15, 'lamb': 0.1, 'function_budget': 10000.0, 'delta': 0.001, 'cosamp_tol': 0.5, 'compessible_constant': 1.25}	8.127734468345041e+17	8.127734468345041e+17	0.0	5
9.35572338104248	0.0	3.838539123535156e-05	0.0	100.0	0.15	0.1	0.8	100	2	25	0.1	10000.0	0.0001	0.5	1.25	{'step_size': 100.0, 'prop_sparsity': 0.15, 'phi_lstsq': 0.1, 'phi_cosamp': 0.8, 'num_samples_constant': 100, 'norm': 2, 'max_cosamp_iter': 25, 'lamb': 0.1, 'function_budget': 10000.0, 'delta': 0.0001, 'cosamp_tol': 0.5, 'compessible_constant': 1.25}	1.1730474290376253e+18	1.1730474290376253e+18	0.0	4
7.191467761993408	0.0	3.0279159545898438e-05	0.0	100.0	0.1	0.2	0.6	100	2	10	0.1	10000.0	1e-05	0.5	2	{'step_size': 100.0, 'prop_sparsity': 0.1, 'phi_lstsq': 0.2, 'phi_cosamp': 0.6, 'num_samples_constant': 100, 'norm': 2, 'max_cosamp_iter': 10, 'lamb': 0.1, 'function_budget': 10000.0, 'delta': 1e-05, 'cosamp_tol': 0.5, 'compessible_constant': 2}	2.2787089824670618e+19	2.2787089824670618e+19	0.0	3
7.860273838043213	0.0	6.365776062011719e-05	0.0	100.0	0.15	0.1	0.6	100	2	25	0.1	10000.0	0.001	0.5	1	{'step_size': 100.0, 'prop_sparsity': 0.15, 'phi_lstsq': 0.1, 'phi_cosamp': 0.6, 'num_samples_constant': 100, 'norm': 2, 'max_cosamp_iter': 25, 'lamb': 0.1, 'function_budget': 10000.0, 'delta': 0.001, 'cosamp_tol': 0.5, 'compessible_constant': 1}	2.8441793415546912e+45	2.8441793415546912e+45	0.0	2
6.708008527755737	0.0	2.2649765014648438e-05	0.0	100.0	0.15	0.15	0.4	100	2	20	0.1	10000.0	0.001	0.5	1	{'step_size': 100.0, 'prop_sparsity': 0.15, 'phi_lstsq': 0.15, 'phi_cosamp': 0.4, 'num_samples_constant': 100, 'norm': 2, 'max_cosamp_iter': 20, 'lamb': 0.1, 'function_budget': 10000.0, 'delta': 0.001, 'cosamp_tol': 0.5, 'compessible_constant': 1}	6.729569147045463e+205	6.729569147045463e+205	0.0	1
0.37108421325683594	0.0	0.0	0.0	100.0	0.05	0.1	0.8	100	2	15	0.1	10000.0	0.001	0.5	1	{'step_size': 100.0, 'prop_sparsity': 0.05, 'phi_lstsq': 0.1, 'phi_cosamp': 0.8, 'num_samples_constant': 100, 'norm': 2, 'max_cosamp_iter': 15, 'lamb': 0.1, 'function_budget': 10000.0, 'delta': 0.001, 'cosamp_tol': 0.5, 'compessible_constant': 1}				98
1.8852965831756592	0.0	0.0	0.0	100.0	0.1	0.25	0.6	100	2	5	0.1	10000.0	0.001	0.5	1.25	{'step_size': 100.0, 'prop_sparsity': 0.1, 'phi_lstsq': 0.25, 'phi_cosamp': 0.6, 'num_samples_constant': 100, 'norm': 2, 'max_cosamp_iter': 5, 'lamb': 0.1, 'function_budget': 10000.0, 'delta': 0.001, 'cosamp_tol': 0.5, 'compessible_constant': 1.25}				95
0.3778705596923828	0.0	0.0	0.0	100.0	0.1	0.25	0.2	100	2	25	0.1	10000.0	1e-05	0.5	1.25	{'step_size': 100.0, 'prop_sparsity': 0.1, 'phi_lstsq': 0.25, 'phi_cosamp': 0.2, 'num_samples_constant': 100, 'norm': 2, 'max_cosamp_iter': 25, 'lamb': 0.1, 'function_budget': 10000.0, 'delta': 1e-05, 'cosamp_tol': 0.5, 'compessible_constant': 1.25}				97
0.2562408447265625	0.0	0.0	0.0	100.0	0.05	0.25	0.4	100	2	25	0.1	10000.0	0.0001	0.5	1	{'step_size': 100.0, 'prop_sparsity': 0.05, 'phi_lstsq': 0.25, 'phi_cosamp': 0.4, 'num_samples_constant': 100, 'norm': 2, 'max_cosamp_iter': 25, 'lamb': 0.1, 'function_budget': 10000.0, 'delta': 0.0001, 'cosamp_tol': 0.5, 'compessible_constant': 1}				99
0.4007434844970703	0.0	0.0	0.0	100.0	0.1	0.05	0.4	100	2	5	0.1	10000.0	0.001	0.5	1	{'step_size': 100.0, 'prop_sparsity': 0.1, 'phi_lstsq': 0.05, 'phi_cosamp': 0.4, 'num_samples_constant': 100, 'norm': 2, 'max_cosamp_iter': 5, 'lamb': 0.1, 'function_budget': 10000.0, 'delta': 0.001, 'cosamp_tol': 0.5, 'compessible_constant': 1}				100
0.4140598773956299	0.0	0.0	0.0	100.0	0.05	0.1	0.4	100	2	5	0.1	10000.0	0.0001	0.5	1.1	{'step_size': 100.0, 'prop_sparsity': 0.05, 'phi_lstsq': 0.1, 'phi_cosamp': 0.4, 'num_samples_constant': 100, 'norm': 2, 'max_cosamp_iter': 5, 'lamb': 0.1, 'function_budget': 10000.0, 'delta': 0.0001, 'cosamp_tol': 0.5, 'compessible_constant': 1.1}				96
