mean_fit_time	std_fit_time	mean_score_time	std_score_time	param_step_size	param_prop_sparsity	param_norm	param_max_cosamp_iter	param_lamb	param_function_budget	param_delta	param_cosamp_tol	params	split0_test_score	mean_test_score	std_test_score	rank_test_score
37.707602739334106	0.0	2.6941299438476562e-05	0.0	10.0	0.25	2	25	0.05	10000.0	1e-05	0.5	{'step_size': 10.0, 'prop_sparsity': 0.25, 'norm': 2, 'max_cosamp_iter': 25, 'lamb': 0.05, 'function_budget': 10000.0, 'delta': 1e-05, 'cosamp_tol': 0.5}	0.9527057532231595	0.9527057532231595	0.0	99
39.45289325714111	0.0	2.288818359375e-05	0.0	10.0	0.25	2	25	0.05	10000.0	0.001	0.5	{'step_size': 10.0, 'prop_sparsity': 0.25, 'norm': 2, 'max_cosamp_iter': 25, 'lamb': 0.05, 'function_budget': 10000.0, 'delta': 0.001, 'cosamp_tol': 0.5}	0.9590353533262859	0.9590353533262859	0.0	98
58.72479963302612	0.0	3.0994415283203125e-05	0.0	10.0	0.25	2	20	0.05	10000.0	0.0001	0.5	{'step_size': 10.0, 'prop_sparsity': 0.25, 'norm': 2, 'max_cosamp_iter': 20, 'lamb': 0.05, 'function_budget': 10000.0, 'delta': 0.0001, 'cosamp_tol': 0.5}	0.969484026648668	0.969484026648668	0.0	97
39.10857152938843	0.0	2.574920654296875e-05	0.0	10.0	0.2	2	15	0.05	10000.0	0.001	0.5	{'step_size': 10.0, 'prop_sparsity': 0.2, 'norm': 2, 'max_cosamp_iter': 15, 'lamb': 0.05, 'function_budget': 10000.0, 'delta': 0.001, 'cosamp_tol': 0.5}	1.053242808263554	1.053242808263554	0.0	96
37.827908754348755	0.0	1.5020370483398438e-05	0.0	10.0	0.2	2	5	0.05	10000.0	0.001	0.5	{'step_size': 10.0, 'prop_sparsity': 0.2, 'norm': 2, 'max_cosamp_iter': 5, 'lamb': 0.05, 'function_budget': 10000.0, 'delta': 0.001, 'cosamp_tol': 0.5}	1.0578607563307405	1.0578607563307405	0.0	95
35.78654718399048	0.0	2.8133392333984375e-05	0.0	100.0	0.2	2	20	0.05	10000.0	0.001	0.5	{'step_size': 100.0, 'prop_sparsity': 0.2, 'norm': 2, 'max_cosamp_iter': 20, 'lamb': 0.05, 'function_budget': 10000.0, 'delta': 0.001, 'cosamp_tol': 0.5}	1.141036554657853	1.141036554657853	0.0	94
28.364678382873535	0.0	2.86102294921875e-05	0.0	1.0	0.25	2	20	0.05	10000.0	0.001	0.5	{'step_size': 1.0, 'prop_sparsity': 0.25, 'norm': 2, 'max_cosamp_iter': 20, 'lamb': 0.05, 'function_budget': 10000.0, 'delta': 0.001, 'cosamp_tol': 0.5}	1.215754304602868	1.215754304602868	0.0	93
50.41909074783325	0.0	2.9802322387695312e-05	0.0	10.0	0.15	2	5	0.05	10000.0	1e-05	0.5	{'step_size': 10.0, 'prop_sparsity': 0.15, 'norm': 2, 'max_cosamp_iter': 5, 'lamb': 0.05, 'function_budget': 10000.0, 'delta': 1e-05, 'cosamp_tol': 0.5}	1.2218551280328867	1.2218551280328867	0.0	92
21.273570775985718	0.0	2.9325485229492188e-05	0.0	1.0	0.25	2	10	0.05	10000.0	0.001	0.5	{'step_size': 1.0, 'prop_sparsity': 0.25, 'norm': 2, 'max_cosamp_iter': 10, 'lamb': 0.05, 'function_budget': 10000.0, 'delta': 0.001, 'cosamp_tol': 0.5}	1.2370146870743979	1.2370146870743979	0.0	91
36.60469579696655	0.0	2.8848648071289062e-05	0.0	100.0	0.2	2	10	0.05	10000.0	1e-05	0.5	{'step_size': 100.0, 'prop_sparsity': 0.2, 'norm': 2, 'max_cosamp_iter': 10, 'lamb': 0.05, 'function_budget': 10000.0, 'delta': 1e-05, 'cosamp_tol': 0.5}	1.2397978784759813	1.2397978784759813	0.0	90
31.24576735496521	0.0	2.9325485229492188e-05	0.0	1.0	0.2	2	25	0.05	10000.0	0.0001	0.5	{'step_size': 1.0, 'prop_sparsity': 0.2, 'norm': 2, 'max_cosamp_iter': 25, 'lamb': 0.05, 'function_budget': 10000.0, 'delta': 0.0001, 'cosamp_tol': 0.5}	1.2489102361617386	1.2489102361617386	0.0	89
43.88897633552551	0.0	2.2649765014648438e-05	0.0	10.0	0.15	2	25	0.05	10000.0	0.0001	0.5	{'step_size': 10.0, 'prop_sparsity': 0.15, 'norm': 2, 'max_cosamp_iter': 25, 'lamb': 0.05, 'function_budget': 10000.0, 'delta': 0.0001, 'cosamp_tol': 0.5}	1.254238087604629	1.254238087604629	0.0	88
27.984160661697388	0.0	3.0994415283203125e-05	0.0	1.0	0.25	2	25	0.05	10000.0	1e-05	0.5	{'step_size': 1.0, 'prop_sparsity': 0.25, 'norm': 2, 'max_cosamp_iter': 25, 'lamb': 0.05, 'function_budget': 10000.0, 'delta': 1e-05, 'cosamp_tol': 0.5}	1.2548823289428108	1.2548823289428108	0.0	87
22.654027223587036	0.0	2.86102294921875e-05	0.0	1.0	0.25	2	25	0.05	10000.0	0.0001	0.5	{'step_size': 1.0, 'prop_sparsity': 0.25, 'norm': 2, 'max_cosamp_iter': 25, 'lamb': 0.05, 'function_budget': 10000.0, 'delta': 0.0001, 'cosamp_tol': 0.5}	1.2584211735599027	1.2584211735599027	0.0	86
45.767266511917114	0.0	3.266334533691406e-05	0.0	10.0	0.15	2	15	0.05	10000.0	0.001	0.5	{'step_size': 10.0, 'prop_sparsity': 0.15, 'norm': 2, 'max_cosamp_iter': 15, 'lamb': 0.05, 'function_budget': 10000.0, 'delta': 0.001, 'cosamp_tol': 0.5}	1.2693340832598272	1.2693340832598272	0.0	85
32.74774956703186	0.0	2.4080276489257812e-05	0.0	10.0	0.15	2	20	0.05	10000.0	1e-05	0.5	{'step_size': 10.0, 'prop_sparsity': 0.15, 'norm': 2, 'max_cosamp_iter': 20, 'lamb': 0.05, 'function_budget': 10000.0, 'delta': 1e-05, 'cosamp_tol': 0.5}	1.271749087283339	1.271749087283339	0.0	84
28.4776132106781	0.0	2.47955322265625e-05	0.0	1.0	0.2	2	15	0.05	10000.0	1e-05	0.5	{'step_size': 1.0, 'prop_sparsity': 0.2, 'norm': 2, 'max_cosamp_iter': 15, 'lamb': 0.05, 'function_budget': 10000.0, 'delta': 1e-05, 'cosamp_tol': 0.5}	1.2805370064453407	1.2805370064453407	0.0	83
30.698564052581787	0.0	2.3126602172851562e-05	0.0	10.0	0.15	2	10	0.05	10000.0	0.001	0.5	{'step_size': 10.0, 'prop_sparsity': 0.15, 'norm': 2, 'max_cosamp_iter': 10, 'lamb': 0.05, 'function_budget': 10000.0, 'delta': 0.001, 'cosamp_tol': 0.5}	1.3247704420715964	1.3247704420715964	0.0	82
26.095154285430908	0.0	2.86102294921875e-05	0.0	1.0	0.2	2	15	0.05	10000.0	0.0001	0.5	{'step_size': 1.0, 'prop_sparsity': 0.2, 'norm': 2, 'max_cosamp_iter': 15, 'lamb': 0.05, 'function_budget': 10000.0, 'delta': 0.0001, 'cosamp_tol': 0.5}	1.3502499796967669	1.3502499796967669	0.0	81
13.189640998840332	0.0	1.5735626220703125e-05	0.0	1.0	0.2	2	25	0.05	10000.0	1e-05	0.5	{'step_size': 1.0, 'prop_sparsity': 0.2, 'norm': 2, 'max_cosamp_iter': 25, 'lamb': 0.05, 'function_budget': 10000.0, 'delta': 1e-05, 'cosamp_tol': 0.5}	1.3674249821186057	1.3674249821186057	0.0	80
30.943047761917114	0.0	2.765655517578125e-05	0.0	1.0	0.15	2	15	0.05	10000.0	0.0001	0.5	{'step_size': 1.0, 'prop_sparsity': 0.15, 'norm': 2, 'max_cosamp_iter': 15, 'lamb': 0.05, 'function_budget': 10000.0, 'delta': 0.0001, 'cosamp_tol': 0.5}	1.387341365327465	1.387341365327465	0.0	79
34.563556432724	0.0	1.3828277587890625e-05	0.0	1.0	0.15	2	5	0.05	10000.0	0.0001	0.5	{'step_size': 1.0, 'prop_sparsity': 0.15, 'norm': 2, 'max_cosamp_iter': 5, 'lamb': 0.05, 'function_budget': 10000.0, 'delta': 0.0001, 'cosamp_tol': 0.5}	1.4225117565595786	1.4225117565595786	0.0	78
41.010207653045654	0.0	2.6941299438476562e-05	0.0	1.0	0.15	2	15	0.05	10000.0	0.001	0.5	{'step_size': 1.0, 'prop_sparsity': 0.15, 'norm': 2, 'max_cosamp_iter': 15, 'lamb': 0.05, 'function_budget': 10000.0, 'delta': 0.001, 'cosamp_tol': 0.5}	1.4631760648415304	1.4631760648415304	0.0	77
39.369136333465576	0.0	2.8848648071289062e-05	0.0	1.0	0.15	2	5	0.05	10000.0	0.001	0.5	{'step_size': 1.0, 'prop_sparsity': 0.15, 'norm': 2, 'max_cosamp_iter': 5, 'lamb': 0.05, 'function_budget': 10000.0, 'delta': 0.001, 'cosamp_tol': 0.5}	1.5855397880784454	1.5855397880784454	0.0	76
44.54213261604309	0.0	3.147125244140625e-05	0.0	10.0	0.1	2	25	0.05	10000.0	1e-05	0.5	{'step_size': 10.0, 'prop_sparsity': 0.1, 'norm': 2, 'max_cosamp_iter': 25, 'lamb': 0.05, 'function_budget': 10000.0, 'delta': 1e-05, 'cosamp_tol': 0.5}	1.6841871449638153	1.6841871449638153	0.0	75
24.880276679992676	0.0	2.384185791015625e-05	0.0	1.0	0.1	2	5	0.05	10000.0	0.001	0.5	{'step_size': 1.0, 'prop_sparsity': 0.1, 'norm': 2, 'max_cosamp_iter': 5, 'lamb': 0.05, 'function_budget': 10000.0, 'delta': 0.001, 'cosamp_tol': 0.5}	1.755315699478154	1.755315699478154	0.0	74
21.200929880142212	0.0	2.6226043701171875e-05	0.0	10.0	0.1	2	5	0.05	10000.0	1e-05	0.5	{'step_size': 10.0, 'prop_sparsity': 0.1, 'norm': 2, 'max_cosamp_iter': 5, 'lamb': 0.05, 'function_budget': 10000.0, 'delta': 1e-05, 'cosamp_tol': 0.5}	1.7633631073061995	1.7633631073061995	0.0	73
43.01386308670044	0.0	2.8371810913085938e-05	0.0	10.0	0.1	2	15	0.05	10000.0	0.001	0.5	{'step_size': 10.0, 'prop_sparsity': 0.1, 'norm': 2, 'max_cosamp_iter': 15, 'lamb': 0.05, 'function_budget': 10000.0, 'delta': 0.001, 'cosamp_tol': 0.5}	1.7664082797387484	1.7664082797387484	0.0	72
23.414320707321167	0.0	1.5497207641601562e-05	0.0	1.0	0.1	2	20	0.05	10000.0	0.0001	0.5	{'step_size': 1.0, 'prop_sparsity': 0.1, 'norm': 2, 'max_cosamp_iter': 20, 'lamb': 0.05, 'function_budget': 10000.0, 'delta': 0.0001, 'cosamp_tol': 0.5}	1.7759750240401255	1.7759750240401255	0.0	71
31.8592369556427	0.0	2.5510787963867188e-05	0.0	1.0	0.1	2	20	0.05	10000.0	1e-05	0.5	{'step_size': 1.0, 'prop_sparsity': 0.1, 'norm': 2, 'max_cosamp_iter': 20, 'lamb': 0.05, 'function_budget': 10000.0, 'delta': 1e-05, 'cosamp_tol': 0.5}	1.849035587887767	1.849035587887767	0.0	70
32.91730880737305	0.0	1.6450881958007812e-05	0.0	100.0	0.15	2	15	0.05	10000.0	1e-05	0.5	{'step_size': 100.0, 'prop_sparsity': 0.15, 'norm': 2, 'max_cosamp_iter': 15, 'lamb': 0.05, 'function_budget': 10000.0, 'delta': 1e-05, 'cosamp_tol': 0.5}	1.8651794903147694	1.8651794903147694	0.0	69
29.7815682888031	0.0	2.4080276489257812e-05	0.0	100.0	0.15	2	25	0.05	10000.0	1e-05	0.5	{'step_size': 100.0, 'prop_sparsity': 0.15, 'norm': 2, 'max_cosamp_iter': 25, 'lamb': 0.05, 'function_budget': 10000.0, 'delta': 1e-05, 'cosamp_tol': 0.5}	1.8956569628594306	1.8956569628594306	0.0	68
44.163756370544434	0.0	2.956390380859375e-05	0.0	100.0	0.15	2	20	0.05	10000.0	1e-05	0.5	{'step_size': 100.0, 'prop_sparsity': 0.15, 'norm': 2, 'max_cosamp_iter': 20, 'lamb': 0.05, 'function_budget': 10000.0, 'delta': 1e-05, 'cosamp_tol': 0.5}	2.0429263023300948	2.0429263023300948	0.0	67
38.270867109298706	0.0	2.9802322387695312e-05	0.0	100.0	0.15	2	25	0.05	10000.0	0.001	0.5	{'step_size': 100.0, 'prop_sparsity': 0.15, 'norm': 2, 'max_cosamp_iter': 25, 'lamb': 0.05, 'function_budget': 10000.0, 'delta': 0.001, 'cosamp_tol': 0.5}	2.044103392508337	2.044103392508337	0.0	66
33.78496217727661	0.0	3.4809112548828125e-05	0.0	1.0	0.1	2	10	0.05	10000.0	0.001	0.5	{'step_size': 1.0, 'prop_sparsity': 0.1, 'norm': 2, 'max_cosamp_iter': 10, 'lamb': 0.05, 'function_budget': 10000.0, 'delta': 0.001, 'cosamp_tol': 0.5}	2.04662403485956	2.04662403485956	0.0	65
36.12057328224182	0.0	1.6927719116210938e-05	0.0	100.0	0.15	2	5	0.05	10000.0	0.001	0.5	{'step_size': 100.0, 'prop_sparsity': 0.15, 'norm': 2, 'max_cosamp_iter': 5, 'lamb': 0.05, 'function_budget': 10000.0, 'delta': 0.001, 'cosamp_tol': 0.5}	2.0646207817598228	2.0646207817598228	0.0	64
39.39274477958679	0.0	2.7418136596679688e-05	0.0	100.0	0.15	2	25	0.05	10000.0	0.0001	0.5	{'step_size': 100.0, 'prop_sparsity': 0.15, 'norm': 2, 'max_cosamp_iter': 25, 'lamb': 0.05, 'function_budget': 10000.0, 'delta': 0.0001, 'cosamp_tol': 0.5}	2.089187568499752	2.089187568499752	0.0	63
46.06834840774536	0.0	2.9087066650390625e-05	0.0	100.0	0.15	2	15	0.05	10000.0	0.001	0.5	{'step_size': 100.0, 'prop_sparsity': 0.15, 'norm': 2, 'max_cosamp_iter': 15, 'lamb': 0.05, 'function_budget': 10000.0, 'delta': 0.001, 'cosamp_tol': 0.5}	2.0971382392987734	2.0971382392987734	0.0	62
39.73068404197693	0.0	3.647804260253906e-05	0.0	100.0	0.1	2	25	0.05	10000.0	0.001	0.5	{'step_size': 100.0, 'prop_sparsity': 0.1, 'norm': 2, 'max_cosamp_iter': 25, 'lamb': 0.05, 'function_budget': 10000.0, 'delta': 0.001, 'cosamp_tol': 0.5}	2.7240484458982386	2.7240484458982386	0.0	61
43.02102875709534	0.0	2.7894973754882812e-05	0.0	100.0	0.1	2	5	0.05	10000.0	0.001	0.5	{'step_size': 100.0, 'prop_sparsity': 0.1, 'norm': 2, 'max_cosamp_iter': 5, 'lamb': 0.05, 'function_budget': 10000.0, 'delta': 0.001, 'cosamp_tol': 0.5}	2.817530587162641	2.817530587162641	0.0	60
41.073894023895264	0.0	2.8371810913085938e-05	0.0	100.0	0.1	2	20	0.05	10000.0	0.001	0.5	{'step_size': 100.0, 'prop_sparsity': 0.1, 'norm': 2, 'max_cosamp_iter': 20, 'lamb': 0.05, 'function_budget': 10000.0, 'delta': 0.001, 'cosamp_tol': 0.5}	3.09913087958028	3.09913087958028	0.0	59
44.43641662597656	0.0	2.9802322387695312e-05	0.0	10.0	0.05	2	10	0.05	10000.0	1e-05	0.5	{'step_size': 10.0, 'prop_sparsity': 0.05, 'norm': 2, 'max_cosamp_iter': 10, 'lamb': 0.05, 'function_budget': 10000.0, 'delta': 1e-05, 'cosamp_tol': 0.5}	3.1450048621436806	3.1450048621436806	0.0	58
34.29781246185303	0.0	3.24249267578125e-05	0.0	1.0	0.05	2	20	0.05	10000.0	0.001	0.5	{'step_size': 1.0, 'prop_sparsity': 0.05, 'norm': 2, 'max_cosamp_iter': 20, 'lamb': 0.05, 'function_budget': 10000.0, 'delta': 0.001, 'cosamp_tol': 0.5}	3.2008257502617155	3.2008257502617155	0.0	57
34.95080828666687	0.0	2.6464462280273438e-05	0.0	100.0	0.1	2	15	0.05	10000.0	1e-05	0.5	{'step_size': 100.0, 'prop_sparsity': 0.1, 'norm': 2, 'max_cosamp_iter': 15, 'lamb': 0.05, 'function_budget': 10000.0, 'delta': 1e-05, 'cosamp_tol': 0.5}	3.2893923409899677	3.2893923409899677	0.0	56
41.47601318359375	0.0	3.075599670410156e-05	0.0	100.0	0.05	2	20	0.05	10000.0	1e-05	0.5	{'step_size': 100.0, 'prop_sparsity': 0.05, 'norm': 2, 'max_cosamp_iter': 20, 'lamb': 0.05, 'function_budget': 10000.0, 'delta': 1e-05, 'cosamp_tol': 0.5}	4.00082045792865	4.00082045792865	0.0	55
19.23009157180786	0.0	1.71661376953125e-05	0.0	1.0	0.05	2	25	0.05	10000.0	1e-05	0.5	{'step_size': 1.0, 'prop_sparsity': 0.05, 'norm': 2, 'max_cosamp_iter': 25, 'lamb': 0.05, 'function_budget': 10000.0, 'delta': 1e-05, 'cosamp_tol': 0.5}	4.0288685811979725	4.0288685811979725	0.0	54
33.89099407196045	0.0	2.86102294921875e-05	0.0	1.0	0.05	2	10	0.05	10000.0	0.001	0.5	{'step_size': 1.0, 'prop_sparsity': 0.05, 'norm': 2, 'max_cosamp_iter': 10, 'lamb': 0.05, 'function_budget': 10000.0, 'delta': 0.001, 'cosamp_tol': 0.5}	4.0560669609022435	4.0560669609022435	0.0	53
45.705108404159546	0.0	2.47955322265625e-05	0.0	10.0	0.05	2	20	0.05	10000.0	1e-05	0.5	{'step_size': 10.0, 'prop_sparsity': 0.05, 'norm': 2, 'max_cosamp_iter': 20, 'lamb': 0.05, 'function_budget': 10000.0, 'delta': 1e-05, 'cosamp_tol': 0.5}	4.221751671844898	4.221751671844898	0.0	52
16.086349964141846	0.0	3.170967102050781e-05	0.0	0.1	0.1	2	25	0.05	10000.0	0.0001	0.5	{'step_size': 0.1, 'prop_sparsity': 0.1, 'norm': 2, 'max_cosamp_iter': 25, 'lamb': 0.05, 'function_budget': 10000.0, 'delta': 0.0001, 'cosamp_tol': 0.5}	4.460526595886838	4.460526595886838	0.0	51
13.083034038543701	0.0	1.5020370483398438e-05	0.0	0.1	0.1	2	10	0.05	10000.0	1e-05	0.5	{'step_size': 0.1, 'prop_sparsity': 0.1, 'norm': 2, 'max_cosamp_iter': 10, 'lamb': 0.05, 'function_budget': 10000.0, 'delta': 1e-05, 'cosamp_tol': 0.5}	4.508646932897203	4.508646932897203	0.0	50
31.32791256904602	0.0	2.956390380859375e-05	0.0	0.1	0.1	2	20	0.05	10000.0	1e-05	0.5	{'step_size': 0.1, 'prop_sparsity': 0.1, 'norm': 2, 'max_cosamp_iter': 20, 'lamb': 0.05, 'function_budget': 10000.0, 'delta': 1e-05, 'cosamp_tol': 0.5}	4.554962065439565	4.554962065439565	0.0	49
27.498394012451172	0.0	3.123283386230469e-05	0.0	0.1	0.2	2	25	0.05	10000.0	1e-05	0.5	{'step_size': 0.1, 'prop_sparsity': 0.2, 'norm': 2, 'max_cosamp_iter': 25, 'lamb': 0.05, 'function_budget': 10000.0, 'delta': 1e-05, 'cosamp_tol': 0.5}	4.569597388645782	4.569597388645782	0.0	48
7.036795616149902	0.0	1.8596649169921875e-05	0.0	0.1	0.2	2	25	0.05	10000.0	0.001	0.5	{'step_size': 0.1, 'prop_sparsity': 0.2, 'norm': 2, 'max_cosamp_iter': 25, 'lamb': 0.05, 'function_budget': 10000.0, 'delta': 0.001, 'cosamp_tol': 0.5}	4.58597362987038	4.58597362987038	0.0	47
5.2812721729278564	0.0	2.7418136596679688e-05	0.0	0.1	0.25	2	25	0.05	10000.0	0.0001	0.5	{'step_size': 0.1, 'prop_sparsity': 0.25, 'norm': 2, 'max_cosamp_iter': 25, 'lamb': 0.05, 'function_budget': 10000.0, 'delta': 0.0001, 'cosamp_tol': 0.5}	4.704414910650685	4.704414910650685	0.0	46
13.68955111503601	0.0	2.956390380859375e-05	0.0	0.1	0.25	2	10	0.05	10000.0	0.001	0.5	{'step_size': 0.1, 'prop_sparsity': 0.25, 'norm': 2, 'max_cosamp_iter': 10, 'lamb': 0.05, 'function_budget': 10000.0, 'delta': 0.001, 'cosamp_tol': 0.5}	4.709190547696757	4.709190547696757	0.0	45
7.171314239501953	0.0	2.6941299438476562e-05	0.0	0.1	0.25	2	15	0.05	10000.0	1e-05	0.5	{'step_size': 0.1, 'prop_sparsity': 0.25, 'norm': 2, 'max_cosamp_iter': 15, 'lamb': 0.05, 'function_budget': 10000.0, 'delta': 1e-05, 'cosamp_tol': 0.5}	4.718761713237194	4.718761713237194	0.0	44
13.719683408737183	0.0	2.765655517578125e-05	0.0	0.1	0.25	2	20	0.05	10000.0	0.001	0.5	{'step_size': 0.1, 'prop_sparsity': 0.25, 'norm': 2, 'max_cosamp_iter': 20, 'lamb': 0.05, 'function_budget': 10000.0, 'delta': 0.001, 'cosamp_tol': 0.5}	4.723516450141682	4.723516450141682	0.0	43
5.928829193115234	0.0	2.7418136596679688e-05	0.0	0.1	0.25	2	10	0.05	10000.0	1e-05	0.5	{'step_size': 0.1, 'prop_sparsity': 0.25, 'norm': 2, 'max_cosamp_iter': 10, 'lamb': 0.05, 'function_budget': 10000.0, 'delta': 1e-05, 'cosamp_tol': 0.5}	4.7589737183978675	4.7589737183978675	0.0	42
18.105320930480957	0.0	2.0265579223632812e-05	0.0	0.1	0.05	2	15	0.05	10000.0	1e-05	0.5	{'step_size': 0.1, 'prop_sparsity': 0.05, 'norm': 2, 'max_cosamp_iter': 15, 'lamb': 0.05, 'function_budget': 10000.0, 'delta': 1e-05, 'cosamp_tol': 0.5}	4.873195834805868	4.873195834805868	0.0	41
47.502859592437744	0.0	2.8848648071289062e-05	0.0	10.0	0.05	2	25	0.05	10000.0	0.001	0.5	{'step_size': 10.0, 'prop_sparsity': 0.05, 'norm': 2, 'max_cosamp_iter': 25, 'lamb': 0.05, 'function_budget': 10000.0, 'delta': 0.001, 'cosamp_tol': 0.5}	5.052213723068015	5.052213723068015	0.0	40
14.183686971664429	0.0	2.384185791015625e-05	0.0	0.01	0.1	2	5	0.05	10000.0	0.0001	0.5	{'step_size': 0.01, 'prop_sparsity': 0.1, 'norm': 2, 'max_cosamp_iter': 5, 'lamb': 0.05, 'function_budget': 10000.0, 'delta': 0.0001, 'cosamp_tol': 0.5}	5.894191020257554	5.894191020257554	0.0	39
26.022370100021362	0.0	2.7418136596679688e-05	0.0	0.01	0.05	2	15	0.05	10000.0	0.0001	0.5	{'step_size': 0.01, 'prop_sparsity': 0.05, 'norm': 2, 'max_cosamp_iter': 15, 'lamb': 0.05, 'function_budget': 10000.0, 'delta': 0.0001, 'cosamp_tol': 0.5}	5.899116961961629	5.899116961961629	0.0	38
12.577911376953125	0.0	1.621246337890625e-05	0.0	0.01	0.15	2	15	0.05	10000.0	0.001	0.5	{'step_size': 0.01, 'prop_sparsity': 0.15, 'norm': 2, 'max_cosamp_iter': 15, 'lamb': 0.05, 'function_budget': 10000.0, 'delta': 0.001, 'cosamp_tol': 0.5}	5.89958151580367	5.89958151580367	0.0	37
15.655048847198486	0.0	2.5033950805664062e-05	0.0	0.01	0.1	2	5	0.05	10000.0	1e-05	0.5	{'step_size': 0.01, 'prop_sparsity': 0.1, 'norm': 2, 'max_cosamp_iter': 5, 'lamb': 0.05, 'function_budget': 10000.0, 'delta': 1e-05, 'cosamp_tol': 0.5}	5.912916134076483	5.912916134076483	0.0	36
13.57151985168457	0.0	1.7404556274414062e-05	0.0	0.01	0.1	2	20	0.05	10000.0	0.0001	0.5	{'step_size': 0.01, 'prop_sparsity': 0.1, 'norm': 2, 'max_cosamp_iter': 20, 'lamb': 0.05, 'function_budget': 10000.0, 'delta': 0.0001, 'cosamp_tol': 0.5}	5.923368938756626	5.923368938756626	0.0	35
20.154201984405518	0.0	1.5497207641601562e-05	0.0	0.01	0.05	2	10	0.05	10000.0	0.001	0.5	{'step_size': 0.01, 'prop_sparsity': 0.05, 'norm': 2, 'max_cosamp_iter': 10, 'lamb': 0.05, 'function_budget': 10000.0, 'delta': 0.001, 'cosamp_tol': 0.5}	5.923958016206603	5.923958016206603	0.0	34
12.597534418106079	0.0	2.288818359375e-05	0.0	0.01	0.2	2	5	0.05	10000.0	0.001	0.5	{'step_size': 0.01, 'prop_sparsity': 0.2, 'norm': 2, 'max_cosamp_iter': 5, 'lamb': 0.05, 'function_budget': 10000.0, 'delta': 0.001, 'cosamp_tol': 0.5}	5.924816825545926	5.924816825545926	0.0	33
25.85458016395569	0.0	2.7894973754882812e-05	0.0	0.01	0.05	2	10	0.05	10000.0	0.0001	0.5	{'step_size': 0.01, 'prop_sparsity': 0.05, 'norm': 2, 'max_cosamp_iter': 10, 'lamb': 0.05, 'function_budget': 10000.0, 'delta': 0.0001, 'cosamp_tol': 0.5}	5.926967235321087	5.926967235321087	0.0	32
16.312411308288574	0.0	2.6702880859375e-05	0.0	0.01	0.2	2	15	0.05	10000.0	0.001	0.5	{'step_size': 0.01, 'prop_sparsity': 0.2, 'norm': 2, 'max_cosamp_iter': 15, 'lamb': 0.05, 'function_budget': 10000.0, 'delta': 0.001, 'cosamp_tol': 0.5}	5.932459120991237	5.932459120991237	0.0	31
10.787706136703491	0.0	2.6226043701171875e-05	0.0	0.01	0.2	2	25	0.05	10000.0	0.0001	0.5	{'step_size': 0.01, 'prop_sparsity': 0.2, 'norm': 2, 'max_cosamp_iter': 25, 'lamb': 0.05, 'function_budget': 10000.0, 'delta': 0.0001, 'cosamp_tol': 0.5}	5.93326282087734	5.93326282087734	0.0	30
8.07284927368164	0.0	2.7894973754882812e-05	0.0	0.01	0.25	2	20	0.05	10000.0	1e-05	0.5	{'step_size': 0.01, 'prop_sparsity': 0.25, 'norm': 2, 'max_cosamp_iter': 20, 'lamb': 0.05, 'function_budget': 10000.0, 'delta': 1e-05, 'cosamp_tol': 0.5}	5.937495281322288	5.937495281322288	0.0	29
10.943054437637329	0.0	2.5033950805664062e-05	0.0	0.01	0.25	2	5	0.05	10000.0	0.001	0.5	{'step_size': 0.01, 'prop_sparsity': 0.25, 'norm': 2, 'max_cosamp_iter': 5, 'lamb': 0.05, 'function_budget': 10000.0, 'delta': 0.001, 'cosamp_tol': 0.5}	5.9427116891961065	5.9427116891961065	0.0	28
10.173237800598145	0.0	2.6226043701171875e-05	0.0	0.01	0.25	2	10	0.05	10000.0	0.001	0.5	{'step_size': 0.01, 'prop_sparsity': 0.25, 'norm': 2, 'max_cosamp_iter': 10, 'lamb': 0.05, 'function_budget': 10000.0, 'delta': 0.001, 'cosamp_tol': 0.5}	5.94423224816316	5.94423224816316	0.0	27
6.020948648452759	0.0	3.147125244140625e-05	0.0	0.01	0.25	2	5	0.05	10000.0	1e-05	0.5	{'step_size': 0.01, 'prop_sparsity': 0.25, 'norm': 2, 'max_cosamp_iter': 5, 'lamb': 0.05, 'function_budget': 10000.0, 'delta': 1e-05, 'cosamp_tol': 0.5}	5.945774400621557	5.945774400621557	0.0	26
8.40446400642395	0.0	3.0517578125e-05	0.0	0.01	0.25	2	5	0.05	10000.0	0.0001	0.5	{'step_size': 0.01, 'prop_sparsity': 0.25, 'norm': 2, 'max_cosamp_iter': 5, 'lamb': 0.05, 'function_budget': 10000.0, 'delta': 0.0001, 'cosamp_tol': 0.5}	5.946548769950112	5.946548769950112	0.0	25
2.912905693054199	0.0	1.5974044799804688e-05	0.0	0.01	0.25	2	25	0.05	10000.0	1e-05	0.5	{'step_size': 0.01, 'prop_sparsity': 0.25, 'norm': 2, 'max_cosamp_iter': 25, 'lamb': 0.05, 'function_budget': 10000.0, 'delta': 1e-05, 'cosamp_tol': 0.5}	5.947238364297657	5.947238364297657	0.0	24
7.7486817836761475	0.0	2.7179718017578125e-05	0.0	0.01	0.25	2	10	0.05	10000.0	1e-05	0.5	{'step_size': 0.01, 'prop_sparsity': 0.25, 'norm': 2, 'max_cosamp_iter': 10, 'lamb': 0.05, 'function_budget': 10000.0, 'delta': 1e-05, 'cosamp_tol': 0.5}	5.949533705105075	5.949533705105075	0.0	23
9.839741468429565	0.0	1.4781951904296875e-05	0.0	0.001	0.1	2	20	0.05	10000.0	1e-05	0.5	{'step_size': 0.001, 'prop_sparsity': 0.1, 'norm': 2, 'max_cosamp_iter': 20, 'lamb': 0.05, 'function_budget': 10000.0, 'delta': 1e-05, 'cosamp_tol': 0.5}	6.079125220312069	6.079125220312069	0.0	22
17.072861671447754	0.0	1.5020370483398438e-05	0.0	0.001	0.1	2	15	0.05	10000.0	0.001	0.5	{'step_size': 0.001, 'prop_sparsity': 0.1, 'norm': 2, 'max_cosamp_iter': 15, 'lamb': 0.05, 'function_budget': 10000.0, 'delta': 0.001, 'cosamp_tol': 0.5}	6.079510080370467	6.079510080370467	0.0	21
19.742820024490356	0.0	1.9550323486328125e-05	0.0	0.001	0.15	2	5	0.05	10000.0	1e-05	0.5	{'step_size': 0.001, 'prop_sparsity': 0.15, 'norm': 2, 'max_cosamp_iter': 5, 'lamb': 0.05, 'function_budget': 10000.0, 'delta': 1e-05, 'cosamp_tol': 0.5}	6.0798045382202	6.0798045382202	0.0	20
26.64406728744507	0.0	2.7418136596679688e-05	0.0	0.001	0.15	2	15	0.05	10000.0	0.0001	0.5	{'step_size': 0.001, 'prop_sparsity': 0.15, 'norm': 2, 'max_cosamp_iter': 15, 'lamb': 0.05, 'function_budget': 10000.0, 'delta': 0.0001, 'cosamp_tol': 0.5}	6.080603345963334	6.080603345963334	0.0	19
19.65628671646118	0.0	2.5510787963867188e-05	0.0	0.001	0.15	2	25	0.05	10000.0	0.001	0.5	{'step_size': 0.001, 'prop_sparsity': 0.15, 'norm': 2, 'max_cosamp_iter': 25, 'lamb': 0.05, 'function_budget': 10000.0, 'delta': 0.001, 'cosamp_tol': 0.5}	6.081099093241202	6.081099093241202	0.0	18
20.396291971206665	0.0	2.9325485229492188e-05	0.0	0.001	0.2	2	15	0.05	10000.0	0.001	0.5	{'step_size': 0.001, 'prop_sparsity': 0.2, 'norm': 2, 'max_cosamp_iter': 15, 'lamb': 0.05, 'function_budget': 10000.0, 'delta': 0.001, 'cosamp_tol': 0.5}	6.08120702185844	6.08120702185844	0.0	17
27.79224705696106	0.0	2.4557113647460938e-05	0.0	0.001	0.15	2	10	0.05	10000.0	0.001	0.5	{'step_size': 0.001, 'prop_sparsity': 0.15, 'norm': 2, 'max_cosamp_iter': 10, 'lamb': 0.05, 'function_budget': 10000.0, 'delta': 0.001, 'cosamp_tol': 0.5}	6.081518629070175	6.081518629070175	0.0	16
24.515735626220703	0.0	2.4557113647460938e-05	0.0	0.001	0.05	2	10	0.05	10000.0	0.001	0.5	{'step_size': 0.001, 'prop_sparsity': 0.05, 'norm': 2, 'max_cosamp_iter': 10, 'lamb': 0.05, 'function_budget': 10000.0, 'delta': 0.001, 'cosamp_tol': 0.5}	6.082091312261335	6.082091312261335	0.0	15
10.34696912765503	0.0	1.4781951904296875e-05	0.0	0.001	0.15	2	15	0.05	10000.0	0.001	0.5	{'step_size': 0.001, 'prop_sparsity': 0.15, 'norm': 2, 'max_cosamp_iter': 15, 'lamb': 0.05, 'function_budget': 10000.0, 'delta': 0.001, 'cosamp_tol': 0.5}	6.082471774794573	6.082471774794573	0.0	14
10.377940893173218	0.0	2.0265579223632812e-05	0.0	0.001	0.25	2	15	0.05	10000.0	0.001	0.5	{'step_size': 0.001, 'prop_sparsity': 0.25, 'norm': 2, 'max_cosamp_iter': 15, 'lamb': 0.05, 'function_budget': 10000.0, 'delta': 0.001, 'cosamp_tol': 0.5}	6.08414155647725	6.08414155647725	0.0	13
18.208704948425293	0.0	2.2411346435546875e-05	0.0	0.001	0.25	2	5	0.05	10000.0	0.001	0.5	{'step_size': 0.001, 'prop_sparsity': 0.25, 'norm': 2, 'max_cosamp_iter': 5, 'lamb': 0.05, 'function_budget': 10000.0, 'delta': 0.001, 'cosamp_tol': 0.5}	6.084169777066107	6.084169777066107	0.0	12
6.978819370269775	0.0	2.2172927856445312e-05	0.0	0.001	0.25	2	10	0.05	10000.0	0.0001	0.5	{'step_size': 0.001, 'prop_sparsity': 0.25, 'norm': 2, 'max_cosamp_iter': 10, 'lamb': 0.05, 'function_budget': 10000.0, 'delta': 0.0001, 'cosamp_tol': 0.5}	6.084460984006783	6.084460984006783	0.0	11
29.93801188468933	0.0	2.7179718017578125e-05	0.0	0.001	0.05	2	10	0.05	10000.0	0.0001	0.5	{'step_size': 0.001, 'prop_sparsity': 0.05, 'norm': 2, 'max_cosamp_iter': 10, 'lamb': 0.05, 'function_budget': 10000.0, 'delta': 0.0001, 'cosamp_tol': 0.5}	6.0846272682957565	6.0846272682957565	0.0	10
4.230283260345459	0.0	2.2649765014648438e-05	0.0	0.001	0.25	2	10	0.05	10000.0	1e-05	0.5	{'step_size': 0.001, 'prop_sparsity': 0.25, 'norm': 2, 'max_cosamp_iter': 10, 'lamb': 0.05, 'function_budget': 10000.0, 'delta': 1e-05, 'cosamp_tol': 0.5}	6.084819261524796	6.084819261524796	0.0	9
33.43958616256714	0.0	3.218650817871094e-05	0.0	0.001	0.05	2	20	0.05	10000.0	0.001	0.5	{'step_size': 0.001, 'prop_sparsity': 0.05, 'norm': 2, 'max_cosamp_iter': 20, 'lamb': 0.05, 'function_budget': 10000.0, 'delta': 0.001, 'cosamp_tol': 0.5}	6.084955922861983	6.084955922861983	0.0	8
4.884044408798218	0.0	3.361701965332031e-05	0.0	0.001	0.25	2	25	0.05	10000.0	1e-05	0.5	{'step_size': 0.001, 'prop_sparsity': 0.25, 'norm': 2, 'max_cosamp_iter': 25, 'lamb': 0.05, 'function_budget': 10000.0, 'delta': 1e-05, 'cosamp_tol': 0.5}	6.08544224194207	6.08544224194207	0.0	7
28.081957817077637	0.0	2.5987625122070312e-05	0.0	0.001	0.05	2	5	0.05	10000.0	0.001	0.5	{'step_size': 0.001, 'prop_sparsity': 0.05, 'norm': 2, 'max_cosamp_iter': 5, 'lamb': 0.05, 'function_budget': 10000.0, 'delta': 0.001, 'cosamp_tol': 0.5}	6.086287312754741	6.086287312754741	0.0	6
31.175116062164307	0.0	2.4318695068359375e-05	0.0	0.001	0.05	2	15	0.05	10000.0	0.0001	0.5	{'step_size': 0.001, 'prop_sparsity': 0.05, 'norm': 2, 'max_cosamp_iter': 15, 'lamb': 0.05, 'function_budget': 10000.0, 'delta': 0.0001, 'cosamp_tol': 0.5}	6.090225805031526	6.090225805031526	0.0	5
28.78511643409729	0.0	2.5272369384765625e-05	0.0	10.0	0.05	2	25	0.05	10000.0	1e-05	0.5	{'step_size': 10.0, 'prop_sparsity': 0.05, 'norm': 2, 'max_cosamp_iter': 25, 'lamb': 0.05, 'function_budget': 10000.0, 'delta': 1e-05, 'cosamp_tol': 0.5}	7.356198651727453	7.356198651727453	0.0	4
31.44627356529236	0.0	3.0040740966796875e-05	0.0	1.0	0.05	2	5	0.05	10000.0	0.0001	0.5	{'step_size': 1.0, 'prop_sparsity': 0.05, 'norm': 2, 'max_cosamp_iter': 5, 'lamb': 0.05, 'function_budget': 10000.0, 'delta': 0.0001, 'cosamp_tol': 0.5}	9.26280332894701	9.26280332894701	0.0	3
34.43880033493042	0.0	3.0994415283203125e-05	0.0	100.0	0.2	2	10	0.05	10000.0	0.0001	0.5	{'step_size': 100.0, 'prop_sparsity': 0.2, 'norm': 2, 'max_cosamp_iter': 10, 'lamb': 0.05, 'function_budget': 10000.0, 'delta': 0.0001, 'cosamp_tol': 0.5}	72489.02369781914	72489.02369781914	0.0	2
14.180094003677368	0.0	2.1219253540039062e-05	0.0	100.0	0.25	2	15	0.05	10000.0	1e-05	0.5	{'step_size': 100.0, 'prop_sparsity': 0.25, 'norm': 2, 'max_cosamp_iter': 15, 'lamb': 0.05, 'function_budget': 10000.0, 'delta': 1e-05, 'cosamp_tol': 0.5}	556821744110.0955	556821744110.0955	0.0	1
8.27222990989685	0.0	0.0	0.0	100.0	0.05	2	10	0.05	10000.0	0.0001	0.5	{'step_size': 100.0, 'prop_sparsity': 0.05, 'norm': 2, 'max_cosamp_iter': 10, 'lamb': 0.05, 'function_budget': 10000.0, 'delta': 0.0001, 'cosamp_tol': 0.5}				100
